prd_id,prd_key,prd_nm,prd_cost,prd_line,prd_start_dt,prd_end_dt
210,AC-BR-A859S-35,Explorer Bike Rack,119,S ,2011-04-05,
211,AC-BR-S532B-21,Summit Bike Rack,76,S ,2005-08-10,
212,AC-BR-W658W-34,Urban Bike Rack,102,S ,2006-02-13,
213,AC-BR-Z263W-41,Urban Bike Rack- White,16,S ,2005-05-31,
214,AC-BR-L718S-22,Trail Bike Rack,42,S ,2009-01-05,2010-11-23
215,AC-BR-L718S-22,Trail Bike Rack,115,S ,2011-10-10,
216,AC-BR-L691R-65,Trail Bike Rack- Red,15,S ,2010-06-01,
217,AC-BS-D489S-49,Pro Bike Stand,90,S ,2007-02-03,2008-12-13
218,AC-BS-D489S-49,Pro Bike Stand,92,S ,2008-11-02,
219,AC-BS-T750R-54,Garage Bike Stand,86,S ,2004-10-31,2006-09-19
220,AC-BS-T750R-54,Garage Bike Stand,92,S ,2007-10-05,
221,AC-BS-Y157R-22,Portable Bike Stand,77,S ,2007-07-02,2008-07-03
222,AC-BS-Y157R-22,Portable Bike Stand,88,S ,2010-07-06,
223,AC-BS-P505W-29,Portable Bike Stand- Green,38,S ,2005-10-07,
224,AC-BC-N697W-43,Sport Bottle,101,S ,2004-07-20,
225,AC-BC-E742R-70,Insulated Bottle,64,S ,2009-09-08,2011-08-03
226,AC-BC-E742R-70,Insulated Bottle,75,S ,2012-03-02,
227,AC-BC-A796B-63,Insulated Bottle- Black,19,S ,2011-06-03,2014-05-25
228,AC-BC-A796B-63,Insulated Bottle- Black,63,S ,2013-03-29,
229,AC-BC-X369Y-68,Cage Mount-500,86,S ,2004-03-11,
230,AC-BC-Q723R-29,Cage Mount-500- White,72,S ,2004-10-23,
231,AC-BC-T431W-21,Cage Mount-700,12,S ,2007-01-26,
232,AC-CL-C187W-24,All-Purpose Cleaner,65,S ,2008-12-21,2010-02-22
233,AC-CL-C187W-24,All-Purpose Cleaner,116,S ,2011-07-06,2012-10-17
234,AC-CL-C187W-24,All-Purpose Cleaner,32,S ,2014-05-16,
235,AC-CL-R873R-65,All-Purpose Cleaner- Yellow,120,S ,2010-07-14,
236,AC-CL-D353R-24,Chain Degreaser,33,S ,2009-08-06,
237,AC-CL-U160R-24,Frame Polish,40,S ,2012-08-22,2013-08-29
238,AC-CL-U160R-24,Frame Polish,21,S ,2015-07-08,2017-09-12
239,AC-CL-U160R-24,Frame Polish,78,S ,2018-09-10,
240,AC-CL-S584R-70,Frame Polish- White,89,S ,2007-07-26,
241,AC-FE-N578B-63,Front Fender-100,48,S ,2010-03-31,2011-03-28
242,AC-FE-N578B-63,Front Fender-100,36,S ,2013-06-27,
243,AC-FE-G294Y-48,Front Fender-100- Blue,116,S ,2005-01-21,
244,AC-FE-O927Y-26,Rear Fender-100,101,S ,2009-01-23,
245,AC-FE-F516W-50,Full Fender Set,5,S ,2007-07-01,
246,AC-HE-I902W-38,Sport-100 Helmet- Red,96,S ,2011-03-12,
247,AC-HE-J322B-57,Sport-100 Helmet- Blue,79,S ,2003-09-07,2005-05-20
248,AC-HE-J322B-57,Sport-100 Helmet- Blue,114,S ,2006-01-07,
249,AC-HE-Q261B-52,Sport-100 Helmet- Blue- Silver,91,S ,2005-01-31,
250,AC-HE-M222Y-35,Sport-100 Helmet- Black,89,S ,2003-06-12,
251,AC-HE-Q423S-33,Pro-200 Helmet- White,90,S ,2006-07-10,2008-02-01
252,AC-HE-Q423S-33,Pro-200 Helmet- White,45,S ,2009-04-30,
253,AC-HE-C109W-59,Pro-200 Helmet- Red,38,S ,2004-02-14,2006-06-13
254,AC-HE-C109W-59,Pro-200 Helmet- Red,117,S ,2005-06-28,2007-04-16
255,AC-HE-C109W-59,Pro-200 Helmet- Red,25,S ,2007-06-28,
256,AC-HE-W409Y-61,Youth Helmet,89,S ,2010-06-28,
257,AC-HE-D999R-36,Youth Helmet- Yellow,39,S ,2004-03-14,
258,AC-HP-W451R-63,Trail Hydration Pack,113,S ,2005-12-17,2008-02-25
259,AC-HP-W451R-63,Trail Hydration Pack,59,S ,2007-02-07,
260,AC-HP-I145B-41,Trail Hydration Pack- Silver,75,S ,2010-02-22,2011-06-02
261,AC-HP-I145B-41,Trail Hydration Pack- Silver,6,S ,2013-02-13,
262,AC-HP-E658B-43,Enduro Hydration Pack,44,S ,2004-08-29,
263,AC-HP-L915B-42,Enduro Hydration Pack- White,104,S ,2005-10-19,
264,AC-LI-N735R-35,Front Light-500,8,S ,2011-12-21,2013-04-15
265,AC-LI-N735R-35,Front Light-500,47,S ,2013-06-21,
266,AC-LI-N921R-37,Rear Light-300,9,S ,2010-11-12,
267,AC-LI-H304W-42,Light Combo Set,89,S ,2011-12-02,
268,AC-LO-I985B-69,Cable Lock-1000,112,S ,2010-03-12,
269,AC-LO-R439B-27,Cable Lock-1000- Red,38,S ,2005-12-05,2008-05-17
270,AC-LO-R439B-27,Cable Lock-1000- Red,60,S ,2007-01-13,
271,AC-LO-K546Y-52,U-Lock Pro,95,S ,2009-06-19,
272,AC-LO-N101Y-54,U-Lock Pro- Green,60,S ,2011-04-28,2014-01-08
273,AC-LO-N101Y-54,U-Lock Pro- Green,47,S ,2012-07-07,
274,AC-LO-V968B-66,Chain Lock-800,56,S ,2008-09-08,2011-05-18
275,AC-LO-V968B-66,Chain Lock-800,29,S ,2011-08-22,2013-04-15
276,AC-LO-V968B-66,Chain Lock-800,53,S ,2013-01-15,
277,AC-PA-F730Y-39,Touring Pannier- Black,31,S ,2012-05-07,
278,AC-PA-T770S-49,Commuter Pannier- Grey,106,S ,2010-07-30,
279,AC-PA-Z853R-62,Commuter Pannier- Grey- Yellow,47,S ,2008-10-12,
280,AC-PU-H788S-34,Mini Floor Pump,65,S ,2004-08-26,2005-08-08
281,AC-PU-H788S-34,Mini Floor Pump,14,S ,2007-05-13,
282,AC-PU-O524Y-32,Mini Floor Pump- Green,88,S ,2007-04-22,2009-03-31
283,AC-PU-O524Y-32,Mini Floor Pump- Green,,S ,2010-03-26,
284,AC-PU-D897W-34,Trail Hand Pump,76,S ,2010-10-21,
285,AC-PU-D567R-49,Pro Floor Pump,119,S ,2009-04-08,2010-12-23
286,AC-PU-D567R-49,Pro Floor Pump,97,S ,2011-07-05,
287,AC-PU-Q536Y-48,Pro Floor Pump- Green,36,S ,2011-05-05,2013-06-03
288,AC-PU-Q536Y-48,Pro Floor Pump- Green,104,S ,2014-02-15,
289,AC-TT-U344S-48,Road Tire-700x25,45,S ,2006-03-16,
290,AC-TT-C241R-34,Mountain Tire-26x2.1,58,S ,2004-09-17,
291,AC-TT-O525B-33,Tube-700c,7,S ,2007-05-15,2009-10-29
292,AC-TT-O525B-33,Tube-700c,66,S ,2010-07-06,
293,AC-TT-A460S-68,Tube-700c- Yellow,99,S ,2012-12-31,
294,AC-TT-T325W-34,Tube-26in,90,S ,2008-06-12,
295,AC-TT-M841R-49,Patch Kit,80,S ,2009-12-23,2010-11-15
296,AC-TT-M841R-49,Patch Kit,,S ,2012-07-22,2015-03-27
297,AC-TT-M841R-49,Patch Kit,115,S ,2015-07-31,
298,AC-TT-I488S-33,Touring Tire-700x32,40,S ,2006-10-14,
299,AC-TT-Y951W-36,Touring Tire-700x32- Black,49,S ,2008-04-10,2011-03-13
300,AC-TT-Y951W-36,Touring Tire-700x32- Black,104,S ,2009-11-25,
301,BI-MB-E344R-50,Mountain-100 Silver- 38,2010,R ,2009-04-29,2011-06-14
302,BI-MB-E344R-50,Mountain-100 Silver- 38,3563,R ,2010-10-17,
303,BI-MB-W217R-39,Mountain-100 Silver- Green- 38,2037,R ,2003-04-16,
304,BI-MB-M832R-24,Mountain-100 Silver- Silver- 38,3355,R ,2012-04-25,
305,BI-MB-Y408Y-27,Mountain-100 Silver- Green- 46,2254,R ,2009-05-07,2010-04-14
306,BI-MB-Y408Y-27,Mountain-100 Silver- Green- 46,2572,R ,2012-03-14,
307,BI-MB-U449B-46,Mountain-100 Silver- Yellow- 38,2383,R ,2004-03-08,2006-01-07
308,BI-MB-U449B-46,Mountain-100 Silver- Yellow- 38,1221,R ,2007-03-02,
309,BI-MB-N945Y-37,Mountain-100 Silver- 42,2346,R ,2005-10-02,
310,BI-MB-H868W-56,Mountain-100 Silver- White- 56,1831,R ,2007-04-02,2008-02-25
311,BI-MB-H868W-56,Mountain-100 Silver- White- 56,1953,R ,2008-10-04,
312,BI-MB-Z364S-37,Mountain-100 Silver- Yellow- 48,,R ,2010-11-12,2013-03-30
313,BI-MB-Z364S-37,Mountain-100 Silver- Yellow- 48,3449,R ,2012-05-25,
314,BI-MB-N600Y-68,Mountain-100 Silver- Green- 56,2335,R ,2008-05-04,
315,BI-MB-Z117B-38,Mountain-100 Silver- Blue- 54,2882,R ,2010-10-04,
316,BI-MB-R438S-64,Mountain-100 Silver- 44,3454,R ,2006-06-09,
317,BI-MB-G423B-67,Mountain-100 Silver- Yellow- 54,1386,R ,2011-07-19,
318,BI-MB-X595S-66,Mountain-100 Silver- Red- 56,911,R ,2011-07-11,
319,BI-MB-G403R-43,Mountain-100 Silver- White- 52,1623,R ,2003-02-27,
320,BI-MB-E753W-26,Mountain-100 Black- 38,1895,R ,2009-06-09,2011-07-29
321,BI-MB-E753W-26,Mountain-100 Black- 38,1534,R ,2010-12-14,
322,BI-MB-P216B-45,Mountain-100 Black- Yellow- 38,1121,R ,2009-06-21,
323,BI-MB-E930Y-39,Mountain-100 Black- White- 48,2204,R ,2005-10-13,
324,BI-MB-J980Y-47,Mountain-100 Black- 42,3531,R ,2009-12-18,
325,BI-MB-D881R-60,Mountain-100 Black- Green- 58,1211,R ,2010-05-29,
326,BI-MB-R176R-20,Mountain-100 Black- Silver- 58,633,R ,2010-09-24,
327,BI-MB-H395S-64,Mountain-100 Black- Blue- 56,3060,R ,2003-10-19,2005-04-10
328,BI-MB-H395S-64,Mountain-100 Black- Blue- 56,1310,R ,2006-06-13,
329,BI-MB-N217Y-34,Mountain-100 Black- Blue- 54,1759,R ,2005-12-24,2007-01-01
330,BI-MB-N217Y-34,Mountain-100 Black- Blue- 54,2831,R ,2008-08-24,
331,BI-MB-M378Y-54,Mountain-100 Black- 44,,R ,2003-11-26,
332,BI-MB-X430Y-36,Mountain-100 Black- Black- 54,2856,R ,2005-07-26,
333,BI-MB-S121S-56,Mountain-100 Black- White- 54,3168,R ,2011-06-25,
334,BI-MB-O384R-57,Mountain-100 Black- White- 48,2425,R ,2012-02-18,
335,BI-MB-F437W-64,Mountain-200 Silver- 38,2753,R ,2010-06-06,
336,BI-MB-B565B-40,Mountain-200 Silver- Red- 52,2607,R ,2004-04-19,
337,BI-MB-A773Y-49,Mountain-200 Silver- White- 50,3598,R ,2005-02-07,
338,BI-MB-P740W-68,Mountain-200 Silver- Green- 42,1679,R ,2005-12-29,
339,BI-MB-Z345R-39,Mountain-200 Silver- 42,964,R ,2009-03-12,
340,BI-MB-O220R-51,Mountain-200 Silver- Blue- 62,2476,R ,2006-04-10,2009-01-26
341,BI-MB-O220R-51,Mountain-200 Silver- Blue- 62,1092,R ,2008-08-05,2010-02-05
342,BI-MB-O220R-51,Mountain-200 Silver- Blue- 62,2955,R ,2010-06-02,
343,BI-MB-Q864R-24,Mountain-200 Silver- Black- 42,2579,R ,2011-11-10,
344,BI-MB-I940B-38,Mountain-200 Silver- Yellow- 60,2505,R ,2012-05-23,2014-11-02
345,BI-MB-I940B-38,Mountain-200 Silver- Yellow- 60,2483,R ,2013-10-22,
346,BI-MB-G814R-56,Mountain-200 Black- 38,1803,R ,2012-08-07,
347,BI-MB-X584W-44,Mountain-200 Black- Yellow- 50,651,R ,2011-11-20,2013-02-17
348,BI-MB-X584W-44,Mountain-200 Black- Yellow- 50,1859,R ,2013-03-28,2015-06-20
349,BI-MB-X584W-44,Mountain-200 Black- Yellow- 50,2303,R ,2014-06-11,
350,BI-MB-D638W-20,Mountain-200 Black- Blue- 56,1585,R ,2007-08-07,2008-11-07
351,BI-MB-D638W-20,Mountain-200 Black- Blue- 56,2128,R ,2009-07-18,
352,BI-MB-U182S-63,Mountain-200 Black- Red- 54,2498,R ,2007-04-06,2009-11-02
353,BI-MB-U182S-63,Mountain-200 Black- Red- 54,,R ,2009-10-11,
354,BI-MB-X192W-26,Mountain-200 Black- 42,1726,R ,2010-11-23,2012-12-16
355,BI-MB-X192W-26,Mountain-200 Black- 42,,R ,2011-12-22,
356,BI-MB-J467S-47,Mountain-200 Black- White- 60,1237,R ,2008-12-15,
357,BI-MB-F279B-59,Mountain-200 Black- Silver- 48,2888,R ,2009-12-13,2011-06-12
358,BI-MB-F279B-59,Mountain-200 Black- Silver- 48,3112,R ,2011-05-08,
359,BI-MB-V659R-24,Mountain-300 Black- 38,2237,R ,2006-11-16,
360,BI-MB-W356W-39,Mountain-300 Black- Red- 54,2062,R ,2007-04-25,
361,BI-MB-S467Y-38,Mountain-300 Black- Black- 60,533,R ,2006-04-24,2008-12-23
362,BI-MB-S467Y-38,Mountain-300 Black- Black- 60,700,R ,2008-11-23,2011-08-22
363,BI-MB-S467Y-38,Mountain-300 Black- Black- 60,1672,R ,2011-09-15,
364,BI-MB-Y918R-58,Mountain-300 Black- Red- 54,3276,R ,2005-06-16,2006-10-23
365,BI-MB-Y918R-58,Mountain-300 Black- Red- 54,3200,R ,2008-07-28,
366,BI-MB-O134Y-43,Mountain-300 Black- 42,1219,R ,2004-01-05,2005-09-30
367,BI-MB-O134Y-43,Mountain-300 Black- 42,2709,R ,2005-07-28,
368,BI-MB-L643Y-37,Mountain-300 Black- White- 44,1887,R ,2005-11-18,2007-07-13
369,BI-MB-L643Y-37,Mountain-300 Black- White- 44,808,R ,2009-02-18,
370,BI-MB-E872R-63,Mountain-300 Black- White- 42,2116,R ,2007-06-16,2009-11-02
371,BI-MB-E872R-63,Mountain-300 Black- White- 42,1006,R ,2008-06-29,
372,BI-MB-O477S-57,Mountain-300 Black- Black- 60,1457,R ,2010-02-28,
373,BI-MB-P125Y-55,Mountain-300 Black- Green- 48,3102,R ,2009-11-03,
374,BI-MB-B138S-51,Mountain-400-W Silver- 38,2358,R ,2005-08-19,
375,BI-MB-L786Y-46,Mountain-400-W Silver- Red- 62,3182,R ,2011-02-24,
376,BI-MB-D953W-59,Mountain-400-W Silver- Blue- 60,1389,R ,2006-02-19,
377,BI-MB-O555R-43,Mountain-400-W Silver- Silver- 42,3141,R ,2010-09-09,
378,BI-MB-O193R-61,Mountain-400-W Silver- 42,1015,R ,2003-03-29,2004-12-29
379,BI-MB-O193R-61,Mountain-400-W Silver- 42,781,R ,2006-06-11,
380,BI-MB-Y667R-57,Mountain-400-W Silver- Blue- 38,1104,R ,2012-10-02,
381,BI-MB-Z710B-37,Mountain-400-W Silver- Silver- 48,1214,R ,2004-08-15,2006-12-16
382,BI-MB-Z710B-37,Mountain-400-W Silver- Silver- 48,605,R ,2005-12-05,
383,BI-MB-E115S-70,Mountain-400-W Silver- Green- 42,714,R ,2009-08-08,2010-06-20
384,BI-MB-E115S-70,Mountain-400-W Silver- Green- 42,2654,R ,2010-12-15,
385,BI-MB-Y470Y-57,Mountain-500 Silver- 40,677,R ,2008-08-25,
386,BI-MB-X902Y-39,Mountain-500 Silver- Black- 62,2145,R ,2003-05-08,
387,BI-MB-N802B-51,Mountain-500 Silver- Blue- 54,1107,R ,2007-12-22,2009-01-07
388,BI-MB-N802B-51,Mountain-500 Silver- Blue- 54,3057,R ,2009-02-26,
389,BI-MB-O617Y-47,Mountain-500 Silver- 42,3166,R ,2010-11-14,
390,BI-MB-Y664R-47,Mountain-500 Silver- Yellow- 58,2357,R ,2005-07-24,
391,BI-MB-M525B-40,Mountain-500 Silver- Red- 62,1125,R ,2010-06-17,
392,BI-MB-V585B-25,Mountain-500 Silver- Yellow- 52,2026,R ,2004-01-17,2005-02-18
393,BI-MB-V585B-25,Mountain-500 Silver- Yellow- 52,745,R ,2007-04-27,
394,BI-MB-S675Y-41,Mountain-500 Silver- Red- 56,2232,R ,2007-08-10,2010-04-17
395,BI-MB-S675Y-41,Mountain-500 Silver- Red- 56,1678,R ,2010-08-17,
396,BI-MB-P329B-42,Mountain-500 Silver- 44,1426,R ,2007-02-14,2010-01-29
397,BI-MB-P329B-42,Mountain-500 Silver- 44,2797,R ,2010-05-20,
398,BI-MB-Y938Y-59,Mountain-500 Silver- Red- 48,3340,R ,2009-03-30,2011-10-09
399,BI-MB-Y938Y-59,Mountain-500 Silver- Red- 48,,R ,2010-12-28,
400,BI-MB-W880S-41,Mountain-500 Silver- Yellow- 42,2141,R ,2005-01-13,
401,BI-MB-C245B-25,Mountain-500 Silver- Silver- 56,1144,R ,2005-05-31,2007-05-30
402,BI-MB-C245B-25,Mountain-500 Silver- Silver- 56,1828,R ,2007-06-13,
403,BI-MB-Y681Y-25,Mountain-500 Silver- White- 44,3260,R ,2004-09-29,2007-09-06
404,BI-MB-Y681Y-25,Mountain-500 Silver- White- 44,3211,R ,2005-12-21,
405,BI-MB-Y624B-42,Mountain-500 Black- 40,2493,R ,2006-03-06,
406,BI-MB-Q783S-22,Mountain-500 Black- Yellow- 54,,R ,2009-09-20,
407,BI-MB-G885R-68,Mountain-500 Black- Blue- 54,,R ,2006-09-05,
408,BI-MB-N279R-44,Mountain-500 Black- Silver- 48,3236,R ,2005-07-31,
409,BI-MB-O179S-56,Mountain-500 Black- 42,1685,R ,2007-07-15,
410,BI-MB-D514B-40,Mountain-500 Black- Blue- 42,1982,R ,2009-12-06,
411,BI-MB-C547B-35,Mountain-500 Black- Black- 62,1770,R ,2007-06-29,
412,BI-MB-X447R-41,Mountain-500 Black- Black- 52,2588,R ,2003-11-09,2006-06-14
413,BI-MB-X447R-41,Mountain-500 Black- Black- 52,1931,R ,2005-05-25,
414,BI-MB-D249S-32,Mountain-500 Black- 44,808,R ,2004-09-18,
415,BI-MB-F891W-49,Mountain-500 Black- Green- 62,2812,R ,2011-07-10,2013-08-07
416,BI-MB-F891W-49,Mountain-500 Black- Green- 62,3058,R ,2014-04-28,
417,BI-MB-K984S-29,Mountain-500 Black- Green- 60,1625,R ,2008-04-04,
418,BI-MB-S157S-52,Mountain-500 Black- Silver- 44,,R ,2008-03-06,
419,BI-RB-M573Y-55,Road-150 Red- 44,2841,R ,2011-04-15,2013-05-14
420,BI-RB-M573Y-55,Road-150 Red- 44,2448,R ,2014-02-10,2015-06-17
421,BI-RB-M573Y-55,Road-150 Red- 44,753,R ,2016-02-04,
422,BI-RB-O205S-65,Road-150 Red- White- 42,,R ,2010-03-31,
423,BI-RB-O549Y-53,Road-150 Red- Yellow- 42,1885,R ,2007-01-30,2008-09-10
424,BI-RB-O549Y-53,Road-150 Red- Yellow- 42,3084,R ,2009-12-25,
425,BI-RB-U442B-41,Road-150 Red- Yellow- 58,3464,R ,2010-08-10,
426,BI-RB-L417W-28,Road-150 Red- 48,3135,R ,2003-12-14,
427,BI-RB-Z436R-62,Road-150 Red- Green- 58,3246,R ,2011-04-15,2013-08-01
428,BI-RB-Z436R-62,Road-150 Red- Green- 58,574,R ,2013-06-21,
429,BI-RB-L416R-33,Road-150 Red- Red- 44,1063,R ,2011-08-05,
430,BI-RB-E179S-70,Road-150 Red- Yellow- 42,2656,R ,2011-08-24,
431,BI-RB-B777S-69,Road-150 Red- Silver- 60,3337,R ,2009-09-12,2010-12-13
432,BI-RB-B777S-69,Road-150 Red- Silver- 60,1178,R ,2012-11-09,
433,BI-RB-T391W-34,Road-150 Red- 52,1294,R ,2006-06-21,
434,BI-RB-L794Y-48,Road-150 Red- Black- 54,2660,R ,2006-02-28,
435,BI-RB-N265R-58,Road-150 Red- Red- 52,2020,R ,2005-10-21,
436,BI-RB-R205Y-27,Road-150 Red- White- 60,2602,R ,2011-07-23,
437,BI-RB-E950W-25,Road-150 Red- Blue- 46,2199,R ,2005-06-28,2007-04-16
438,BI-RB-E950W-25,Road-150 Red- Blue- 46,1465,R ,2006-08-21,2008-07-26
439,BI-RB-E950W-25,Road-150 Red- Blue- 46,2035,R ,2009-08-26,
440,BI-RB-W765S-70,Road-150 Red- 56,2435,R ,2003-06-06,
441,BI-RB-W951R-68,Road-150 Red- Red- 38,577,R ,2008-01-12,2008-11-12
442,BI-RB-W951R-68,Road-150 Red- Red- 38,1112,R ,2009-09-30,
443,BI-RB-R844Y-53,Road-150 Red- Green- 42,999,R ,2011-09-15,
444,BI-RB-T568B-27,Road-250 Red- 44,,R ,2008-08-09,2010-12-05
445,BI-RB-T568B-27,Road-250 Red- 44,3443,R ,2011-01-18,
446,BI-RB-E398W-20,Road-250 Red- Blue- 46,3237,R ,2005-09-12,2007-09-08
447,BI-RB-E398W-20,Road-250 Red- Blue- 46,1977,R ,2006-12-08,
448,BI-RB-C638Y-52,Road-250 Red- Green- 60,2425,R ,2008-09-10,2009-07-27
449,BI-RB-C638Y-52,Road-250 Red- Green- 60,2029,R ,2009-10-24,
450,BI-RB-H850B-69,Road-250 Red- 48,1943,R ,2011-06-27,
451,BI-RB-R446R-69,Road-250 Red- Black- 62,1052,R ,2010-10-19,2013-05-22
452,BI-RB-R446R-69,Road-250 Red- Black- 62,2374,R ,2011-12-22,
453,BI-RB-B400R-22,Road-250 Red- Green- 50,2611,R ,2012-12-07,2014-08-22
454,BI-RB-B400R-22,Road-250 Red- Green- 50,2724,R ,2015-01-18,
455,BI-RB-P359B-68,Road-250 Red- Red- 42,,R ,2006-03-17,2009-03-20
456,BI-RB-P359B-68,Road-250 Red- Red- 42,1009,R ,2009-01-16,
457,BI-RB-F608W-43,Road-250 Red- 52,823,R ,2008-10-27,2009-11-15
458,BI-RB-F608W-43,Road-250 Red- 52,1239,R ,2011-01-10,2013-07-14
459,BI-RB-F608W-43,Road-250 Red- 52,920,R ,2013-11-16,
460,BI-RB-C435S-39,Road-250 Red- Blue- 52,2318,R ,2011-01-18,
461,BI-RB-L557B-66,Road-250 Red- Blue- 62,734,R ,2006-12-15,2008-12-29
462,BI-RB-L557B-66,Road-250 Red- Blue- 62,2163,R ,2008-02-29,
463,BI-RB-L625R-21,Road-250 Red- Red- 52,642,R ,2009-10-24,
464,BI-RB-L492Y-22,Road-250 Black- 44,814,R ,2010-08-13,2012-06-22
465,BI-RB-L492Y-22,Road-250 Black- 44,2003,R ,2013-03-22,
466,BI-RB-M421S-35,Road-250 Black- Silver- 42,2085,R ,2003-04-17,2004-08-19
467,BI-RB-M421S-35,Road-250 Black- Silver- 42,1566,R ,2005-11-12,2007-01-06
468,BI-RB-M421S-35,Road-250 Black- Silver- 42,3006,R ,2009-03-26,
469,BI-RB-J810W-32,Road-250 Black- Red- 60,3421,R ,2012-07-25,
470,BI-RB-L826B-55,Road-250 Black- 48,3415,R ,2012-12-29,
471,BI-RB-W817R-70,Road-250 Black- Green- 42,1068,R ,2005-07-07,
472,BI-RB-H909W-21,Road-250 Black- Green- 60,2759,R ,2009-06-02,
473,BI-RB-E726B-24,Road-250 Black- White- 50,2182,R ,2011-01-15,
474,BI-RB-O577Y-42,Road-350-W Yellow- 40,2907,R ,2012-04-18,
475,BI-RB-F886R-47,Road-350-W Yellow- Black- 58,2622,R ,2012-09-26,
476,BI-RB-E411R-30,Road-350-W Yellow- Red- 44,2625,R ,2010-12-15,
477,BI-RB-J966B-36,Road-350-W Yellow- Black- 60,1740,R ,2009-03-06,
478,BI-RB-F774Y-66,Road-350-W Yellow- 44,616,R ,2006-10-14,2007-09-21
479,BI-RB-F774Y-66,Road-350-W Yellow- 44,2862,R ,2008-01-05,2008-12-16
480,BI-RB-F774Y-66,Road-350-W Yellow- 44,2843,R ,2010-04-08,
481,BI-RB-N732B-51,Road-350-W Yellow- Black- 56,2478,R ,2009-02-12,2011-09-27
482,BI-RB-N732B-51,Road-350-W Yellow- Black- 56,3305,R ,2010-10-20,
483,BI-RB-M404W-24,Road-350-W Yellow- White- 56,1335,R ,2004-10-09,2006-10-04
484,BI-RB-M404W-24,Road-350-W Yellow- White- 56,1780,R ,2006-09-22,
485,BI-RB-W426S-45,Road-350-W Yellow- Yellow- 44,1807,R ,2007-02-26,
486,BI-RB-H577B-37,Road-350-W Yellow- Silver- 58,2073,R ,2004-07-31,
487,BI-RB-G881R-51,Road-350-W Yellow- 48,868,R ,2008-03-27,2009-12-02
488,BI-RB-G881R-51,Road-350-W Yellow- 48,1486,R ,2010-05-03,2012-07-28
489,BI-RB-G881R-51,Road-350-W Yellow- 48,699,R ,2011-06-10,
490,BI-RB-B388W-58,Road-350-W Yellow- Silver- 52,533,R ,2010-05-03,2012-06-22
491,BI-RB-B388W-58,Road-350-W Yellow- Silver- 52,1583,R ,2011-08-21,
492,BI-RB-X474W-43,Road-350-W Yellow- Green- 44,1984,R ,2003-07-29,
493,BI-RB-R395B-44,Road-350-W Yellow- Yellow- 50,3052,R ,2011-07-28,
494,BI-RB-V725B-28,Road-350-W Yellow- Red- 62,1997,R ,2007-06-02,2009-03-10
495,BI-RB-V725B-28,Road-350-W Yellow- Red- 62,2585,R ,2010-07-14,2011-10-04
496,BI-RB-V725B-28,Road-350-W Yellow- Red- 62,685,R ,2011-09-01,
497,BI-RB-P631W-29,Road-450 Red- 44,1804,R ,2008-10-12,2010-07-09
498,BI-RB-P631W-29,Road-450 Red- 44,3025,R ,2010-03-27,
499,BI-RB-X962S-57,Road-450 Red- White- 44,3402,R ,2012-04-15,
500,BI-RB-S406W-21,Road-450 Red- Green- 50,2890,R ,2010-07-22,
501,BI-RB-P371Y-56,Road-450 Red- 48,2647,R ,2003-07-30,
502,BI-RB-U838Y-69,Road-450 Red- Green- 62,,R ,2004-08-28,2006-02-27
503,BI-RB-U838Y-69,Road-450 Red- Green- 62,577,R ,2007-08-15,
504,BI-RB-O421W-29,Road-450 Red- White- 62,3004,R ,2005-04-15,
505,BI-RB-P993B-65,Road-450 Red- Yellow- 38,3212,R ,2005-04-29,
506,BI-RB-K659S-63,Road-450 Red- 52,1582,R ,2011-01-31,2013-09-15
507,BI-RB-K659S-63,Road-450 Red- 52,1509,R ,2013-10-16,
508,BI-RB-I671S-34,Road-450 Red- Blue- 56,3327,R ,2006-05-04,2007-12-20
509,BI-RB-I671S-34,Road-450 Red- Blue- 56,1928,R ,2009-04-24,2011-07-03
510,BI-RB-I671S-34,Road-450 Red- Blue- 56,3455,R ,2011-06-23,
511,BI-RB-I394B-56,Road-450 Red- Silver- 50,1099,R ,2007-04-05,2009-01-17
512,BI-RB-I394B-56,Road-450 Red- Silver- 50,,R ,2009-01-26,
513,BI-RB-C454W-61,Road-450 Red- Yellow- 54,2706,R ,2008-05-16,
514,BI-RB-X700R-35,Road-550-W Yellow- 38,715,R ,2008-12-15,
515,BI-RB-D523S-65,Road-550-W Yellow- White- 56,2754,R ,2010-08-22,
516,BI-RB-F516W-50,Road-550-W Yellow- Silver- 48,742,R ,2011-06-24,2013-03-13
517,BI-RB-F516W-50,Road-550-W Yellow- Silver- 48,2851,R ,2014-08-19,
518,BI-RB-H647B-31,Road-550-W Yellow- Yellow- 42,648,R ,2012-05-23,
519,BI-RB-A405Y-58,Road-550-W Yellow- 40,3126,R ,2006-10-04,
520,BI-RB-R636W-28,Road-550-W Yellow- Silver- 54,1854,R ,2008-04-01,2009-08-11
521,BI-RB-R636W-28,Road-550-W Yellow- Silver- 54,3155,R ,2009-09-14,
522,BI-RB-I835R-20,Road-550-W Yellow- Green- 62,1291,R ,2011-11-13,2014-04-12
523,BI-RB-I835R-20,Road-550-W Yellow- Green- 62,3116,R ,2013-05-10,
524,BI-RB-M946W-52,Road-550-W Yellow- Black- 48,1075,R ,2007-06-30,
525,BI-RB-O871S-41,Road-650 Red- 44,,R ,2011-02-08,
526,BI-RB-L809R-23,Road-650 Red- Silver- 50,2558,R ,2008-03-21,2009-06-27
527,BI-RB-L809R-23,Road-650 Red- Silver- 50,3327,R ,2011-03-11,
528,BI-RB-D754S-43,Road-650 Red- Red- 38,3562,R ,2005-06-16,2007-08-14
529,BI-RB-D754S-43,Road-650 Red- Red- 38,3375,R ,2008-02-26,
530,BI-RB-R582Y-62,Road-650 Red- Silver- 52,835,R ,2011-07-18,2014-04-09
531,BI-RB-R582Y-62,Road-650 Red- Silver- 52,3382,R ,2014-01-06,
532,BI-RB-G686Y-29,Road-650 Red- 48,3286,R ,2012-07-31,
533,BI-RB-G834Y-51,Road-650 Red- Yellow- 42,2357,R ,2008-09-21,
534,BI-RB-E625W-49,Road-650 Red- Black- 42,1762,R ,2009-04-07,
535,BI-RB-X122W-36,Road-650 Red- Yellow- 56,2235,R ,2011-05-13,2013-10-21
536,BI-RB-X122W-36,Road-650 Red- Yellow- 56,2716,R ,2013-04-29,
537,BI-RB-N284R-69,Road-650 Red- 52,2066,R ,2011-03-07,2013-03-06
538,BI-RB-N284R-69,Road-650 Red- 52,2046,R ,2013-06-08,
539,BI-RB-M182Y-28,Road-650 Red- Blue- 42,2109,R ,2006-11-25,2008-03-21
540,BI-RB-M182Y-28,Road-650 Red- Blue- 42,1412,R ,2009-05-19,
541,BI-RB-A874B-39,Road-650 Red- Red- 38,2053,R ,2011-01-24,
542,BI-RB-I293B-22,Road-650 Black- 44,564,R ,2007-09-14,2010-09-02
543,BI-RB-I293B-22,Road-650 Black- 44,913,R ,2009-05-17,
544,BI-RB-T134W-58,Road-650 Black- Blue- 46,2147,R ,2012-10-12,2014-04-15
545,BI-RB-T134W-58,Road-650 Black- Blue- 46,1389,R ,2015-01-04,
546,BI-RB-Y984B-28,Road-650 Black- Silver- 50,3496,R ,2006-03-30,
547,BI-RB-J997R-62,Road-650 Black- 48,2780,R ,2007-08-21,
548,BI-RB-S852R-60,Road-650 Black- Yellow- 50,3135,R ,2009-03-26,2010-03-09
549,BI-RB-S852R-60,Road-650 Black- Yellow- 50,2648,R ,2012-02-11,
550,BI-RB-K813W-46,Road-650 Black- Green- 58,2439,R ,2007-03-22,
551,BI-RB-H969R-39,Road-650 Black- Green- 60,2803,R ,2004-08-14,2006-09-27
552,BI-RB-H969R-39,Road-650 Black- Green- 60,2782,R ,2006-10-10,
553,BI-RB-Q237W-35,Road-650 Black- Silver- 50,2342,R ,2006-09-14,
554,BI-RB-I486Y-58,Road-650 Black- 52,2906,R ,2003-10-26,
555,BI-RB-X787Y-33,Road-650 Black- Yellow- 42,562,R ,2012-10-01,
556,BI-RB-G294B-67,Road-650 Black- Green- 62,1337,R ,2008-05-15,2011-02-21
557,BI-RB-G294B-67,Road-650 Black- Green- 62,1659,R ,2010-06-25,2011-12-22
558,BI-RB-G294B-67,Road-650 Black- Green- 62,3157,R ,2012-07-01,
559,BI-RB-L415S-43,Road-650 Black- Black- 46,3459,R ,2008-07-29,
560,BI-RB-S984R-67,Road-750 Black- 44,2872,R ,2005-12-04,
561,BI-RB-X527S-29,Road-750 Black- Silver- 50,1506,R ,2005-07-31,
562,BI-RB-P663S-36,Road-750 Black- Red- 50,2387,R ,2008-06-24,2011-02-06
563,BI-RB-P663S-36,Road-750 Black- Red- 50,1942,R ,2009-12-13,
564,BI-RB-F243Y-51,Road-750 Black- Black- 52,740,R ,2012-12-21,
565,BI-RB-E962R-24,Road-750 Black- 48,747,R ,2003-02-07,2005-05-04
566,BI-RB-E962R-24,Road-750 Black- 48,3025,R ,2005-10-31,
567,BI-RB-P775W-21,Road-750 Black- Green- 38,,R ,2009-03-09,
568,BI-RB-X381Y-38,Road-750 Black- Green- 42,1234,R ,2012-02-13,
569,BI-RB-D198Y-29,Road-750 Black- Black- 60,1951,R ,2009-12-13,
570,BI-RB-I914W-25,Road-750 Black- Blue- 38,3355,R ,2007-07-22,
571,BI-RB-U877B-25,Road-750 Black- 52,3108,R ,2007-03-25,
572,BI-RB-A819R-25,Road-750 Black- White- 48,2817,R ,2007-11-13,
573,BI-RB-D640B-34,Road-750 Black- White- 42,2447,R ,2012-09-25,
574,BI-TB-V133R-40,Touring-1000 Yellow- 46,3419,R ,2005-04-28,
575,BI-TB-M178S-30,Touring-1000 Yellow- Black- 38,2714,R ,2009-05-10,
576,BI-TB-K493R-70,Touring-1000 Yellow- Red- 60,1916,R ,2011-02-14,2013-05-06
577,BI-TB-K493R-70,Touring-1000 Yellow- Red- 60,811,R ,2012-04-08,2013-05-13
578,BI-TB-K493R-70,Touring-1000 Yellow- Red- 60,3014,R ,2015-01-10,
579,BI-TB-T506S-21,Touring-1000 Yellow- Yellow- 56,2765,R ,2011-10-15,2013-12-25
580,BI-TB-T506S-21,Touring-1000 Yellow- Yellow- 56,3284,R ,2013-11-02,
581,BI-TB-C184S-29,Touring-1000 Yellow- 50,2095,R ,2011-10-16,
582,BI-TB-K469B-25,Touring-1000 Yellow- Blue- 60,1604,R ,2006-06-16,
583,BI-TB-D235B-31,Touring-1000 Yellow- Green- 42,923,R ,2009-03-31,
584,BI-TB-A191S-55,Touring-1000 Yellow- Red- 58,2077,R ,2009-09-15,
585,BI-TB-A398W-44,Touring-1000 Yellow- White- 46,1194,R ,2011-02-16,2012-08-17
586,BI-TB-A398W-44,Touring-1000 Yellow- White- 46,1068,R ,2014-01-17,
587,BI-TB-N382W-39,Touring-1000 Yellow- 54,1510,R ,2003-11-12,
588,BI-TB-X740W-58,Touring-1000 Yellow- Red- 48,2120,R ,2008-02-19,2009-05-02
589,BI-TB-X740W-58,Touring-1000 Yellow- Red- 48,2056,R ,2010-01-24,
590,BI-TB-Z982S-48,Touring-1000 Yellow- Silver- 54,1057,R ,2012-02-23,
591,BI-TB-J428Y-64,Touring-1000 Yellow- Silver- 42,1807,R ,2006-07-10,
592,BI-TB-H433W-37,Touring-1000 Blue- 46,1318,R ,2007-05-29,2008-07-18
593,BI-TB-H433W-37,Touring-1000 Blue- 46,1236,R ,2010-01-24,
594,BI-TB-V886Y-21,Touring-1000 Blue- White- 62,1693,R ,2008-03-05,2009-08-01
595,BI-TB-V886Y-21,Touring-1000 Blue- White- 62,2175,R ,2011-02-12,2012-02-17
596,BI-TB-V886Y-21,Touring-1000 Blue- White- 62,3094,R ,2013-12-12,
597,BI-TB-J347S-62,Touring-1000 Blue- Blue- 60,2339,R ,2007-09-30,
598,BI-TB-T590Y-45,Touring-1000 Blue- Green- 58,650,R ,2012-10-02,
599,BI-TB-D887R-62,Touring-1000 Blue- 50,,R ,2004-11-12,2007-05-28
600,BI-TB-D887R-62,Touring-1000 Blue- 50,2136,R ,2007-09-03,
601,BI-TB-Y439W-26,Touring-1000 Blue- Green- 62,2624,R ,2005-11-25,
602,BI-TB-R694Y-34,Touring-1000 Blue- Yellow- 56,2910,R ,2007-05-22,
603,BI-TB-W612R-42,Touring-1000 Blue- Black- 60,851,R ,2008-05-31,2010-01-23
604,BI-TB-W612R-42,Touring-1000 Blue- Black- 60,1777,R ,2009-09-26,2012-08-08
605,BI-TB-W612R-42,Touring-1000 Blue- Black- 60,1347,R ,2012-05-02,
606,BI-TB-K168S-22,Touring-1000 Blue- 54,3273,R ,2004-04-16,2006-01-27
607,BI-TB-K168S-22,Touring-1000 Blue- 54,3533,R ,2007-07-14,
608,BI-TB-H628R-55,Touring-1000 Blue- Red- 54,1449,R ,2009-04-12,
609,BI-TB-Z514R-31,Touring-1000 Blue- Black- 54,1308,R ,2007-11-06,2008-09-30
610,BI-TB-Z514R-31,Touring-1000 Blue- Black- 54,2092,R ,2010-02-08,
611,BI-TB-A821R-33,Touring-1000 Blue- White- 54,2864,R ,2010-11-22,
612,BI-TB-D918Y-31,Touring-1000 Blue- Blue- 62,3247,R ,2005-03-18,
613,BI-TB-M701B-42,Touring-2000 Blue- 46,3259,R ,2008-02-19,
614,BI-TB-W919S-59,Touring-2000 Blue- White- 56,1477,R ,2010-07-15,
615,BI-TB-J219R-43,Touring-2000 Blue- Yellow- 50,2854,R ,2008-09-23,2010-09-21
616,BI-TB-J219R-43,Touring-2000 Blue- Yellow- 50,2493,R ,2010-10-20,
617,BI-TB-U650R-55,Touring-2000 Blue- Yellow- 52,2347,R ,2006-03-29,
618,BI-TB-M675Y-61,Touring-2000 Blue- 50,2318,R ,2010-09-05,
619,BI-TB-P271B-56,Touring-2000 Blue- Green- 38,1625,R ,2011-07-15,
620,BI-TB-H650S-30,Touring-2000 Blue- Black- 50,2751,R ,2009-05-05,2012-04-30
621,BI-TB-H650S-30,Touring-2000 Blue- Black- 50,967,R ,2011-10-10,
622,BI-TB-I893Y-43,Touring-2000 Blue- Silver- 54,2307,R ,2011-06-27,
623,BI-TB-R323W-26,Touring-2000 Blue- Green- 46,632,R ,2010-05-01,2011-11-05
624,BI-TB-R323W-26,Touring-2000 Blue- Green- 46,856,R ,2012-08-03,
625,BI-TB-W459Y-60,Touring-2000 Blue- 54,1347,R ,2009-11-28,
626,BI-TB-Z160Y-42,Touring-2000 Blue- Green- 42,3383,R ,2009-09-10,
627,BI-TB-J396Y-37,Touring-2000 Blue- Silver- 46,3572,R ,2008-10-08,2009-11-09
628,BI-TB-J396Y-37,Touring-2000 Blue- Silver- 46,1635,R ,2011-12-21,2013-12-11
629,BI-TB-J396Y-37,Touring-2000 Blue- Silver- 46,1043,R ,2014-06-11,
630,BI-TB-H249S-35,Touring-2000 Blue- Yellow- 62,3090,R ,2010-08-01,2012-10-10
631,BI-TB-H249S-35,Touring-2000 Blue- Yellow- 62,2036,R ,2012-05-02,
632,BI-TB-I811S-49,Touring-3000 Yellow- 44,3501,R ,2006-09-02,2007-07-01
633,BI-TB-I811S-49,Touring-3000 Yellow- 44,3100,R ,2007-12-06,2010-10-19
634,BI-TB-I811S-49,Touring-3000 Yellow- 44,759,R ,2012-05-23,
635,BI-TB-Z647W-33,Touring-3000 Yellow- White- 42,1661,R ,2012-04-01,2014-06-16
636,BI-TB-Z647W-33,Touring-3000 Yellow- White- 42,2818,R ,2014-03-12,2016-07-19
637,BI-TB-Z647W-33,Touring-3000 Yellow- White- 42,3295,R ,2016-12-18,
638,BI-TB-Y149B-26,Touring-3000 Yellow- Blue- 42,1147,R ,2012-05-20,2013-04-01
639,BI-TB-Y149B-26,Touring-3000 Yellow- Blue- 42,2252,R ,2014-08-14,
640,BI-TB-G805R-61,Touring-3000 Yellow- White- 56,1976,R ,2012-10-21,
641,BI-TB-M740S-66,Touring-3000 Yellow- 50,889,R ,2005-08-17,2008-04-14
642,BI-TB-M740S-66,Touring-3000 Yellow- 50,819,R ,2006-08-18,
643,BI-TB-E707R-53,Touring-3000 Yellow- Red- 42,993,R ,2003-02-08,2005-11-16
644,BI-TB-E707R-53,Touring-3000 Yellow- Red- 42,2456,R ,2005-04-15,
645,BI-TB-C334W-25,Touring-3000 Yellow- White- 60,1725,R ,2004-02-24,2005-11-05
646,BI-TB-C334W-25,Touring-3000 Yellow- White- 60,3584,R ,2005-07-13,
647,BI-TB-E756R-24,Touring-3000 Yellow- Black- 44,2302,R ,2003-02-04,
648,BI-TB-T803W-33,Touring-3000 Blue- 44,2914,R ,2004-02-16,
649,BI-TB-X493S-47,Touring-3000 Blue- Silver- 62,845,R ,2004-07-26,
650,BI-TB-H666Y-58,Touring-3000 Blue- White- 60,,R ,2006-03-13,2008-12-14
651,BI-TB-H666Y-58,Touring-3000 Blue- White- 60,1341,R ,2009-01-15,
652,BI-TB-Q721Y-32,Touring-3000 Blue- Blue- 44,1480,R ,2006-04-25,2007-04-15
653,BI-TB-Q721Y-32,Touring-3000 Blue- Blue- 44,1487,R ,2008-09-12,
654,BI-TB-K235W-56,Touring-3000 Blue- 50,2429,R ,2009-02-15,
655,BI-TB-Y174B-57,Touring-3000 Blue- Yellow- 60,,R ,2005-12-09,
656,BI-TB-Z507Y-38,Touring-3000 Blue- Yellow- 42,2147,R ,2008-08-14,2010-08-09
657,BI-TB-Z507Y-38,Touring-3000 Blue- Yellow- 42,2702,R ,2009-11-06,
658,BI-TB-T256S-25,Touring-3000 Blue- Red- 38,1136,R ,2008-09-25,
659,CL-BS-X966R-23,Men Bib-Short- L,85,S ,2007-11-15,
660,CL-BS-B416R-27,Men Bib-Short- XL,,S ,2004-07-16,
661,CL-BS-L635Y-70,Men Bib-Short- XS,42,S ,2005-11-27,2007-10-08
662,CL-BS-L635Y-70,Men Bib-Short- XS,11,S ,2008-12-16,
663,CL-BS-K926W-37,Men Bib-Short- S,88,S ,2005-12-13,
664,CL-BS-C608W-52,Men Bib-Short- M,28,S ,2008-08-08,
665,CL-BS-B979B-35,Men Bib-Short- XS,30,S ,2007-01-30,
666,CL-BS-B666W-34,Men Bib-Short- XL,17,S ,2007-09-01,
667,CL-BS-S481B-52,Men Bib-Short- XXL,13,S ,2003-08-04,2005-01-13
668,CL-BS-S481B-52,Men Bib-Short- XXL,67,S ,2005-09-17,
669,CL-BS-J892S-40,Men Bib-Short- L,45,S ,2008-02-14,
670,CL-BS-S903S-67,Men Bib-Short- M,33,S ,2008-03-15,2010-09-06
671,CL-BS-S903S-67,Men Bib-Short- M,39,S ,2011-04-04,
672,CL-BS-R454B-41,Men Bib-Short- XS,47,S ,2010-05-16,
673,CL-BS-D310Y-35,Men Bib-Short- L,19,S ,2003-09-03,
674,CL-BS-B337Y-46,Men Bib-Short- XXL,20,S ,2007-03-06,2010-02-03
675,CL-BS-B337Y-46,Men Bib-Short- XXL,58,S ,2009-08-04,
676,CL-BS-C706Y-23,Men Bib-Short- XL,48,S ,2004-06-19,
677,CL-CA-C307R-69,AWC Logo Cap- XXL,67,S ,2004-03-22,2005-05-04
678,CL-CA-C307R-69,AWC Logo Cap- XXL,76,S ,2006-02-06,
679,CL-CA-L888R-48,AWC Logo Cap- M,46,S ,2005-12-21,
680,CL-CA-W813Y-22,AWC Logo Cap- XL,39,S ,2012-08-09,
681,CL-CA-L505Y-23,AWC Logo Cap- S,65,S ,2005-12-01,2006-10-28
682,CL-CA-L505Y-23,AWC Logo Cap- S,39,S ,2008-06-22,
683,CL-CA-D573B-70,AWC Logo Cap- L,36,S ,2003-02-18,
684,CL-CA-E302W-43,AWC Logo Cap- XS,17,S ,2010-03-25,2012-09-06
685,CL-CA-E302W-43,AWC Logo Cap- XS,33,S ,2011-04-16,
686,CL-CA-B272Y-47,Classic Cap- S,62,S ,2007-06-06,2008-05-01
687,CL-CA-B272Y-47,Classic Cap- S,31,S ,2008-11-28,
688,CL-CA-I386W-29,Classic Cap- XS,45,S ,2009-12-11,
689,CL-CA-P521Y-50,Classic Cap- M,33,S ,2006-02-19,
690,CL-CA-U916Y-35,Classic Cap- XL,53,S ,2011-12-30,2012-11-13
691,CL-CA-U916Y-35,Classic Cap- XL,70,S ,2014-05-04,
692,CL-CA-L679Y-40,Classic Cap- L,36,S ,2005-01-06,
693,CL-CA-A930S-23,Classic Cap- XXL,37,S ,2008-04-16,2010-02-11
694,CL-CA-A930S-23,Classic Cap- XXL,38,S ,2009-09-26,
695,CL-CA-L959R-31,Classic Cap- XL,53,S ,2006-07-26,
696,CL-CA-S128S-56,Classic Cap- XS,71,S ,2009-04-25,
697,CL-CA-R416R-51,Classic Cap- S,10,S ,2003-08-19,
698,CL-CA-Q589B-41,Classic Cap- M,30,S ,2005-04-05,2006-06-12
699,CL-CA-Q589B-41,Classic Cap- M,26,S ,2008-07-04,2010-03-27
700,CL-CA-Q589B-41,Classic Cap- M,26,S ,2010-07-18,
701,CL-CA-Y213Y-43,Classic Cap- L,20,S ,2007-03-11,2009-11-13
702,CL-CA-Y213Y-43,Classic Cap- L,28,S ,2009-02-17,2010-10-19
703,CL-CA-Y213Y-43,Classic Cap- L,89,S ,2013-04-16,
704,CL-GL-V703R-44,Full-Finger Gloves- XXL,8,S ,2010-09-21,
705,CL-GL-W686W-69,Full-Finger Gloves- M,86,S ,2003-05-13,2005-11-14
706,CL-GL-W686W-69,Full-Finger Gloves- M,71,S ,2004-12-24,2007-08-05
707,CL-GL-W686W-69,Full-Finger Gloves- M,17,S ,2006-02-24,
708,CL-GL-H455S-30,Full-Finger Gloves- S,50,S ,2003-12-30,2006-09-11
709,CL-GL-H455S-30,Full-Finger Gloves- S,,S ,2006-03-31,
710,CL-GL-H809B-42,Full-Finger Gloves- XL,,S ,2004-03-18,
711,CL-GL-O850W-30,Full-Finger Gloves- L,20,S ,2008-07-12,2010-05-02
712,CL-GL-O850W-30,Full-Finger Gloves- L,81,S ,2010-11-14,
713,CL-GL-U876R-30,Full-Finger Gloves- XS,48,S ,2011-12-18,
714,CL-GL-F849B-55,Full-Finger Gloves- XS,69,S ,2004-01-17,2006-07-13
715,CL-GL-F849B-55,Full-Finger Gloves- XS,29,S ,2007-01-07,2007-12-04
716,CL-GL-F849B-55,Full-Finger Gloves- XS,28,S ,2009-06-11,
717,CL-GL-B203S-33,Full-Finger Gloves- XXL,77,S ,2007-08-04,2009-12-18
718,CL-GL-B203S-33,Full-Finger Gloves- XXL,38,S ,2009-05-01,2012-01-02
719,CL-GL-B203S-33,Full-Finger Gloves- XXL,,S ,2010-02-15,
720,CL-GL-R960W-29,Full-Finger Gloves- M,88,S ,2003-01-16,
721,CL-GL-T591R-26,Full-Finger Gloves- XL,18,S ,2004-11-30,
722,CL-GL-P964B-39,Full-Finger Gloves- S,90,S ,2008-04-12,2010-12-14
723,CL-GL-P964B-39,Full-Finger Gloves- S,55,S ,2010-10-21,
724,CL-GL-O369R-37,Full-Finger Gloves- M,20,S ,2004-09-11,
725,CL-GL-C784S-54,Full-Finger Gloves- S,15,S ,2011-06-26,
726,CL-GL-M938Y-46,Full-Finger Gloves- L,68,S ,2010-09-15,2013-02-17
727,CL-GL-M938Y-46,Full-Finger Gloves- L,12,S ,2012-07-17,2013-08-01
728,CL-GL-M938Y-46,Full-Finger Gloves- L,74,S ,2015-07-09,
729,CL-GL-Z685Y-29,Full-Finger Gloves- XS,29,S ,2011-06-29,
730,CL-GL-G927R-28,Full-Finger Gloves- XL,88,S ,2003-11-17,
731,CL-GL-E954Y-36,Full-Finger Gloves- XXL,57,S ,2011-02-26,
732,CL-GL-Z817Y-57,Half-Finger Gloves- XL,26,S ,2007-09-15,
733,CL-GL-S702Y-68,Half-Finger Gloves- M,44,S ,2004-02-15,2006-07-10
734,CL-GL-S702Y-68,Half-Finger Gloves- M,41,S ,2006-08-16,2008-05-29
735,CL-GL-S702Y-68,Half-Finger Gloves- M,81,S ,2008-04-08,
736,CL-GL-T584B-31,Half-Finger Gloves- XXL,59,S ,2004-08-12,
737,CL-GL-B505S-64,Half-Finger Gloves- L,55,S ,2011-05-13,
738,CL-GL-A445S-39,Half-Finger Gloves- S,37,S ,2008-07-06,
739,CL-GL-E407W-69,Half-Finger Gloves- XS,19,S ,2006-01-08,2008-01-04
740,CL-GL-E407W-69,Half-Finger Gloves- XS,60,S ,2007-07-19,
741,CL-GL-J826Y-45,Half-Finger Gloves- XL,11,S ,2012-07-18,
742,CL-GL-F297R-23,Half-Finger Gloves- M,33,S ,2008-02-13,
743,CL-GL-I477W-52,Half-Finger Gloves- XS,,S ,2004-05-22,
744,CL-GL-P708W-31,Half-Finger Gloves- XXL,28,S ,2008-04-27,2010-09-08
745,CL-GL-P708W-31,Half-Finger Gloves- XXL,19,S ,2010-01-16,2012-12-17
746,CL-GL-P708W-31,Half-Finger Gloves- XXL,,S ,2011-11-30,
747,CL-GL-F974Y-69,Half-Finger Gloves- L,34,S ,2012-08-11,2015-03-31
748,CL-GL-F974Y-69,Half-Finger Gloves- L,10,S ,2014-05-13,2017-01-04
749,CL-GL-F974Y-69,Half-Finger Gloves- L,9,S ,2018-12-26,
750,CL-GL-P235R-58,Half-Finger Gloves- S,47,S ,2005-07-05,2008-01-13
751,CL-GL-P235R-58,Half-Finger Gloves- S,90,S ,2008-07-03,
752,CL-GL-G577S-63,Half-Finger Gloves- L,8,S ,2009-12-29,
753,CL-GL-Q778S-55,Half-Finger Gloves- XXL,69,S ,2009-10-30,2011-06-27
754,CL-GL-Q778S-55,Half-Finger Gloves- XXL,43,S ,2011-01-03,
755,CL-GL-U432S-36,Half-Finger Gloves- M,38,S ,2010-04-22,2011-08-27
756,CL-GL-U432S-36,Half-Finger Gloves- M,84,S ,2011-06-19,
757,CL-GL-M776S-63,Half-Finger Gloves- S,45,S ,2003-04-15,
758,CL-GL-I528W-44,Half-Finger Gloves- XL,51,S ,2009-07-16,2011-12-18
759,CL-GL-I528W-44,Half-Finger Gloves- XL,76,S ,2012-07-28,
760,CL-JE-D582R-67,Long-Sleeve Logo Jersey- XXL,31,S ,2012-01-24,
761,CL-JE-V443B-34,Long-Sleeve Logo Jersey- M,50,S ,2011-05-07,
762,CL-JE-L366Y-38,Long-Sleeve Logo Jersey- XL,89,S ,2004-04-27,
763,CL-JE-S694Y-24,Long-Sleeve Logo Jersey- XS,56,S ,2005-03-07,
764,CL-JE-Q405W-23,Long-Sleeve Logo Jersey- L,80,S ,2004-09-09,2006-01-27
765,CL-JE-Q405W-23,Long-Sleeve Logo Jersey- L,31,S ,2006-12-21,
766,CL-JE-Y182W-41,Long-Sleeve Logo Jersey- S,65,S ,2004-12-25,2007-08-01
767,CL-JE-Y182W-41,Long-Sleeve Logo Jersey- S,29,S ,2006-10-01,
768,CL-JE-N748W-45,Long-Sleeve Logo Jersey- L,,S ,2008-05-09,
769,CL-JE-G848S-20,Long-Sleeve Logo Jersey- XS,,S ,2011-06-28,2012-11-04
770,CL-JE-G848S-20,Long-Sleeve Logo Jersey- XS,39,S ,2012-07-01,
771,CL-JE-H810S-39,Long-Sleeve Logo Jersey- S,29,S ,2007-04-21,
772,CL-JE-C943B-39,Long-Sleeve Logo Jersey- M,51,S ,2008-02-11,2010-05-23
773,CL-JE-C943B-39,Long-Sleeve Logo Jersey- M,51,S ,2010-04-30,2013-01-27
774,CL-JE-C943B-39,Long-Sleeve Logo Jersey- M,32,S ,2012-11-08,
775,CL-JE-X234R-66,Long-Sleeve Logo Jersey- L,12,S ,2008-08-28,
776,CL-JE-M997S-69,Long-Sleeve Logo Jersey- XS,21,S ,2003-07-19,
777,CL-JE-U956B-23,Long-Sleeve Logo Jersey- S,40,S ,2007-09-04,2009-07-24
778,CL-JE-U956B-23,Long-Sleeve Logo Jersey- S,34,S ,2010-01-01,
779,CL-JE-W802B-39,Long-Sleeve Logo Jersey- XL,87,S ,2004-02-18,
780,CL-JE-D903B-51,Short-Sleeve Classic Jersey- L,74,S ,2005-03-29,
781,CL-JE-G466W-38,Short-Sleeve Classic Jersey- XS,69,S ,2009-02-23,
782,CL-JE-K340B-20,Short-Sleeve Classic Jersey- XL,19,S ,2004-03-28,2006-12-08
783,CL-JE-K340B-20,Short-Sleeve Classic Jersey- XL,20,S ,2007-06-04,
784,CL-JE-I759R-49,Short-Sleeve Classic Jersey- S,30,S ,2006-04-27,2008-06-10
785,CL-JE-I759R-49,Short-Sleeve Classic Jersey- S,48,S ,2007-06-06,2009-01-23
786,CL-JE-I759R-49,Short-Sleeve Classic Jersey- S,20,S ,2010-09-15,
787,CL-JE-K466W-59,Short-Sleeve Classic Jersey- XS,51,S ,2011-03-22,
788,CL-JE-F216W-45,Short-Sleeve Classic Jersey- S,61,S ,2006-01-18,2008-10-20
789,CL-JE-F216W-45,Short-Sleeve Classic Jersey- S,15,S ,2008-11-12,2010-02-25
790,CL-JE-F216W-45,Short-Sleeve Classic Jersey- S,83,S ,2008-12-09,
791,CL-JE-P921Y-63,Short-Sleeve Classic Jersey- XL,86,S ,2009-11-08,
792,CL-JE-P215W-48,Short-Sleeve Classic Jersey- XXL,75,S ,2005-12-07,
793,CL-JE-Y861Y-66,Short-Sleeve Classic Jersey- S,87,S ,2010-07-06,
794,CL-JE-D543R-50,Short-Sleeve Classic Jersey- L,79,S ,2010-08-02,
795,CL-JE-P990R-24,Short-Sleeve Classic Jersey- XS,14,S ,2006-08-06,2008-05-05
796,CL-JE-P990R-24,Short-Sleeve Classic Jersey- XS,90,S ,2009-01-06,
797,CL-JE-M512R-25,Short-Sleeve Classic Jersey- S,71,S ,2011-12-26,
798,CL-JE-O423B-51,Short-Sleeve Classic Jersey- L,79,S ,2003-03-14,2005-02-24
799,CL-JE-O423B-51,Short-Sleeve Classic Jersey- L,,S ,2005-09-26,
800,CL-SH-K472B-34,Men Sports-Short- XL,68,S ,2006-09-21,2009-09-10
801,CL-SH-K472B-34,Men Sports-Short- XL,65,S ,2009-09-23,
802,CL-SH-D199R-20,Men Sports-Short- XXL,45,S ,2012-04-22,
803,CL-SH-R634S-64,Men Sports-Short- S,60,S ,2004-11-03,
804,CL-SH-D360Y-32,Men Sports-Short- M,32,S ,2012-07-22,
805,CL-SH-W446B-68,Men Sports-Short- L,65,S ,2010-02-06,
806,CL-SH-R543Y-50,Men Sports-Short- XXL,24,S ,2011-10-05,2014-07-09
807,CL-SH-R543Y-50,Men Sports-Short- XXL,85,S ,2013-01-18,2014-12-15
808,CL-SH-R543Y-50,Men Sports-Short- XXL,57,S ,2015-07-24,
809,CL-SH-N723R-37,Men Sports-Short- XL,25,S ,2006-11-05,
810,CL-SH-E522Y-64,Men Sports-Short- S,48,S ,2008-09-29,2011-07-14
811,CL-SH-E522Y-64,Men Sports-Short- S,78,S ,2011-09-27,
812,CL-SH-U322R-33,Men Sports-Short- L,24,S ,2006-04-05,2008-01-18
813,CL-SH-U322R-33,Men Sports-Short- L,30,S ,2009-04-01,
814,CL-SH-Q655S-65,Men Sports-Short- XS,81,S ,2006-12-13,
815,CL-SH-V827W-63,Men Sports-Short- M,62,S ,2012-06-08,2014-01-21
816,CL-SH-V827W-63,Men Sports-Short- M,,S ,2015-09-13,
817,CL-SH-V157R-37,Men Sports-Short- L,15,S ,2004-10-21,2007-07-17
818,CL-SH-V157R-37,Men Sports-Short- L,34,S ,2007-09-28,
819,CL-SH-Y654B-42,Men Sports-Short- S,36,S ,2004-02-24,2006-11-11
820,CL-SH-Y654B-42,Men Sports-Short- S,57,S ,2007-03-25,
821,CL-SH-H623S-64,Men Sports-Short- XS,48,S ,2007-04-12,2009-04-07
822,CL-SH-H623S-64,Men Sports-Short- XS,40,S ,2009-10-28,
823,CL-SH-W826S-68,Women Sports-Short- XL,32,S ,2011-04-13,
824,CL-SH-J559R-63,Women Sports-Short- L,56,S ,2004-12-12,
825,CL-SH-B538S-55,Women Sports-Short- S,8,S ,2004-10-21,
826,CL-SH-K577R-22,Women Sports-Short- M,88,S ,2006-08-14,
827,CL-SH-Q325R-53,Women Sports-Short- L,76,S ,2008-08-31,
828,CL-SH-M194S-34,Women Sports-Short- XL,35,S ,2010-06-10,2012-03-10
829,CL-SH-M194S-34,Women Sports-Short- XL,68,S ,2013-07-19,
830,CL-SH-R943B-27,Women Sports-Short- M,87,S ,2007-12-31,2010-08-14
831,CL-SH-R943B-27,Women Sports-Short- M,49,S ,2009-09-05,
832,CL-SH-M915B-44,Women Sports-Short- XS,,S ,2011-02-13,
833,CL-SH-Y483Y-52,Women Sports-Short- S,32,S ,2003-06-29,
834,CL-SO-U167R-62,Mountain Bike Socks- XL,34,S ,2005-05-23,2007-05-27
835,CL-SO-U167R-62,Mountain Bike Socks- XL,63,S ,2007-11-24,
836,CL-SO-U936B-67,Mountain Bike Socks- XS,19,S ,2003-04-08,2006-02-05
837,CL-SO-U936B-67,Mountain Bike Socks- XS,40,S ,2004-06-21,
838,CL-SO-R172Y-34,Mountain Bike Socks- XXL,63,S ,2007-07-28,2009-08-27
839,CL-SO-R172Y-34,Mountain Bike Socks- XXL,23,S ,2009-06-15,2010-04-28
840,CL-SO-R172Y-34,Mountain Bike Socks- XXL,,S ,2012-07-25,
841,CL-SO-C874Y-22,Mountain Bike Socks- L,46,S ,2003-10-25,2006-01-16
842,CL-SO-C874Y-22,Mountain Bike Socks- L,64,S ,2006-07-07,
843,CL-SO-M504B-50,Mountain Bike Socks- M,77,S ,2005-06-19,
844,CL-SO-A666Y-29,Mountain Bike Socks- XXL,76,S ,2003-01-21,
845,CL-SO-R187S-33,Mountain Bike Socks- S,90,S ,2011-02-21,2012-07-21
846,CL-SO-R187S-33,Mountain Bike Socks- S,31,S ,2013-07-29,
847,CL-SO-H731S-32,Mountain Bike Socks- M,14,S ,2010-07-11,
848,CL-SO-Y662W-61,Mountain Bike Socks- L,20,S ,2006-04-05,
849,CL-SO-G843Y-51,Mountain Bike Socks- XL,20,S ,2007-01-02,2009-09-15
850,CL-SO-G843Y-51,Mountain Bike Socks- XL,32,S ,2008-10-19,2011-05-11
851,CL-SO-G843Y-51,Mountain Bike Socks- XL,50,S ,2010-10-13,
852,CL-SO-Z423W-30,Racing Socks- XXL,90,S ,2005-10-05,
853,CL-SO-N383S-28,Racing Socks- XL,47,S ,2006-09-20,2008-11-01
854,CL-SO-N383S-28,Racing Socks- XL,30,S ,2009-01-30,
855,CL-SO-U721B-37,Racing Socks- S,88,S ,2004-07-27,2005-12-10
856,CL-SO-U721B-37,Racing Socks- S,10,S ,2005-10-13,
857,CL-SO-Q746B-57,Racing Socks- M,12,S ,2011-08-17,
858,CL-SO-R366Y-54,Racing Socks- L,36,S ,2011-09-11,
859,CL-SO-Q110R-59,Racing Socks- S,30,S ,2011-06-29,2012-09-14
860,CL-SO-Q110R-59,Racing Socks- S,26,S ,2014-01-28,
861,CL-SO-X849W-42,Racing Socks- L,41,S ,2011-07-16,
862,CL-SO-L339B-62,Racing Socks- XS,66,S ,2011-11-16,
863,CL-SO-B140S-26,Racing Socks- XXL,41,S ,2008-11-05,2010-06-08
864,CL-SO-B140S-26,Racing Socks- XXL,30,S ,2011-06-20,
865,CL-SO-M769W-43,Racing Socks- M,56,S ,2012-05-15,
866,CL-TI-P911W-58,Classic Tights- XL,37,S ,2012-11-21,
867,CL-TI-C626S-33,Classic Tights- L,23,S ,2004-10-06,
868,CL-TI-V335W-41,Classic Tights- M,83,S ,2008-05-26,2010-07-25
869,CL-TI-V335W-41,Classic Tights- M,60,S ,2009-11-07,
870,CL-TI-A349B-28,Classic Tights- S,13,S ,2004-10-21,
871,CL-TI-Q515Y-56,Classic Tights- XS,44,S ,2012-11-07,2015-09-18
872,CL-TI-Q515Y-56,Classic Tights- XS,85,S ,2014-02-02,
873,CL-TI-P988W-30,Classic Tights- S,82,S ,2007-08-10,
874,CL-TI-Y286Y-62,Classic Tights- M,66,S ,2004-11-17,
875,CL-TI-T704B-34,Classic Tights- XXL,,S ,2004-06-25,
876,CL-TI-Z644Y-68,Classic Tights- S,85,S ,2008-05-29,
877,CL-TI-R947B-69,Classic Tights- XL,13,S ,2007-11-03,2009-11-02
878,CL-TI-R947B-69,Classic Tights- XL,37,S ,2010-10-17,
879,CL-TI-Z593W-42,Classic Tights- XS,81,S ,2011-04-25,
880,CL-TI-D535R-36,Classic Tights- L,77,S ,2005-08-10,
881,CL-TI-N363R-20,Classic Tights- XXL,74,S ,2011-11-08,2014-04-17
882,CL-TI-N363R-20,Classic Tights- XXL,34,S ,2012-11-14,
883,CL-TI-W923S-46,Classic Tights- M,40,S ,2004-09-25,
884,CL-VE-V506R-46,Classic Vest- XL,79,S ,2009-04-02,
885,CL-VE-R595S-39,Classic Vest- L,25,S ,2011-09-07,
886,CL-VE-V221R-48,Classic Vest- M,51,S ,2004-10-24,2006-03-27
887,CL-VE-V221R-48,Classic Vest- M,14,S ,2008-01-22,
888,CL-VE-F498B-25,Classic Vest- XXL,41,S ,2008-04-15,2010-04-30
889,CL-VE-F498B-25,Classic Vest- XXL,85,S ,2009-11-28,
890,CL-VE-B841W-45,Classic Vest- S,15,S ,2008-11-04,2011-08-29
891,CL-VE-B841W-45,Classic Vest- S,89,S ,2012-01-05,
892,CL-VE-B902Y-52,Classic Vest- L,12,S ,2005-08-06,
893,CL-VE-L344B-30,Classic Vest- XS,58,S ,2006-02-04,
894,CL-VE-M700R-53,Classic Vest- S,78,S ,2010-11-22,
895,CL-VE-J843Y-57,Classic Vest- M,32,S ,2012-02-23,
896,CL-VE-O513Y-20,Classic Vest- XXL,17,S ,2007-07-26,
897,CL-VE-Q401S-27,Classic Vest- XL,64,S ,2005-11-21,2008-04-27
898,CL-VE-Q401S-27,Classic Vest- XL,39,S ,2007-12-12,
899,CL-VE-I169W-60,Classic Vest- L,48,S ,2005-06-21,2008-04-04
900,CL-VE-I169W-60,Classic Vest- L,74,S ,2007-08-17,
901,CL-VE-R109S-35,Classic Vest- XXL,51,S ,2007-06-23,
902,CL-VE-C667R-50,Classic Vest- XS,32,S ,2005-06-14,
903,CL-VE-P854R-35,Classic Vest- S,39,S ,2012-10-14,2014-03-09
904,CL-VE-P854R-35,Classic Vest- S,21,S ,2015-07-09,
905,CL-VE-D180W-59,Classic Vest- XL,69,S ,2012-08-11,
906,CO-BB-P688S-51,LL Bottom Bracket,247,M ,2011-07-28,
907,CO-BB-Y690R-23,LL Bottom Bracket- Red,53,M ,2007-09-30,
908,CO-BB-M981R-49,ML Bottom Bracket,28,M ,2010-10-31,2012-12-10
909,CO-BB-M981R-49,ML Bottom Bracket,614,M ,2011-11-12,2014-07-29
910,CO-BB-M981R-49,ML Bottom Bracket,647,M ,2013-05-24,
911,CO-BB-F661S-35,HL Bottom Bracket,530,M ,2009-11-16,
912,CO-BR-W870S-43,Front Brakes,609,M ,2006-02-19,2007-06-18
913,CO-BR-W870S-43,Front Brakes,122,M ,2009-01-21,
914,CO-BR-X376R-55,Front Brakes- Blue,173,M ,2007-04-10,
915,CO-BR-F531W-28,Rear Brakes,343,M ,2012-07-11,2014-10-18
916,CO-BR-F531W-28,Rear Brakes,595,M ,2015-09-23,2017-11-29
917,CO-BR-F531W-28,Rear Brakes,,M ,2017-09-15,
918,CO-BR-W267B-33,Rear Brakes- Black,362,M ,2008-05-05,2009-06-07
919,CO-BR-W267B-33,Rear Brakes- Black,593,M ,2010-01-26,
920,CO-CH-Z363S-21,Chain-400,223,M ,2006-12-09,
921,CO-CH-U764Y-31,Chain-500,519,M ,2006-03-11,2007-12-03
922,CO-CH-U764Y-31,Chain-500,100,M ,2009-05-12,2012-03-31
923,CO-CH-U764Y-31,Chain-500,494,M ,2010-04-29,
924,CO-CS-E989R-60,LL Crankset,434,M ,2006-10-13,2009-05-16
925,CO-CS-E989R-60,LL Crankset,371,M ,2007-12-25,
926,CO-CS-U398S-58,ML Crankset,391,M ,2006-01-16,2009-01-19
927,CO-CS-U398S-58,ML Crankset,481,M ,2009-02-19,
928,CO-CS-N271R-21,ML Crankset- Red,101,M ,2005-08-19,
929,CO-CS-D197B-50,HL Crankset,105,M ,2003-04-18,
930,CO-CS-D368Y-29,HL Crankset- Blue,273,M ,2012-12-05,
931,CO-DE-O741R-28,Front Derailleur,,M ,2004-11-29,
932,CO-DE-K984W-49,Rear Derailleur,572,M ,2009-01-23,2011-06-03
933,CO-DE-K984W-49,Rear Derailleur,666,M ,2010-07-23,2013-01-13
934,CO-DE-K984W-49,Rear Derailleur,597,M ,2015-04-04,
935,CO-FO-U646S-42,LL Fork,335,M ,2005-07-19,
936,CO-FO-L522S-29,LL Fork- White,159,M ,2003-01-01,
937,CO-FO-R108W-68,ML Fork,319,M ,2003-02-07,
938,CO-FO-T336B-55,ML Fork- Blue,275,M ,2007-08-14,
939,CO-FO-U499W-34,HL Fork,647,M ,2007-09-26,
940,CO-FO-Z810S-38,HL Fork- White,90,M ,2008-12-18,2010-07-16
941,CO-FO-Z810S-38,HL Fork- White,133,M ,2010-06-22,
942,CO-HB-T563S-64,LL Mountain Handlebars,567,M ,2005-02-08,2005-12-24
943,CO-HB-T563S-64,LL Mountain Handlebars,124,M ,2006-03-02,
944,CO-HB-W548B-34,HL Mountain Handlebars,450,M ,2003-03-02,
945,CO-HB-J904W-43,HL Mountain Handlebars- Silver,169,M ,2011-11-16,
946,CO-HS-M173Y-50,LL Headset,32,M ,2012-06-08,
947,CO-HS-D886R-44,LL Headset- Green,223,M ,2007-12-20,2010-11-09
948,CO-HS-D886R-44,LL Headset- Green,116,M ,2010-04-04,
949,CO-HS-G584W-63,HL Headset,582,M ,2006-08-16,2009-03-17
950,CO-HS-G584W-63,HL Headset,673,M ,2009-01-30,2010-03-31
951,CO-HS-G584W-63,HL Headset,73,M ,2010-04-17,
952,CO-MF-F913S-57,HL Mountain Frame- Silver- 38,,M ,2011-11-07,
953,CO-MF-S902W-64,HL Mountain Frame- Silver- Silver- 42,181,M ,2007-03-02,
954,CO-MF-P193Y-41,HL Mountain Frame- Silver- Blue- 60,680,M ,2011-07-09,2012-07-04
955,CO-MF-P193Y-41,HL Mountain Frame- Silver- Blue- 60,129,M ,2012-12-12,2015-09-26
956,CO-MF-P193Y-41,HL Mountain Frame- Silver- Blue- 60,344,M ,2014-03-21,
957,CO-MF-R907S-48,HL Mountain Frame- Silver- Black- 50,157,M ,2003-03-29,2005-02-12
958,CO-MF-R907S-48,HL Mountain Frame- Silver- Black- 50,516,M ,2004-12-09,
959,CO-MF-K849W-37,HL Mountain Frame- Silver- 42,178,M ,2009-09-18,2010-12-26
960,CO-MF-K849W-37,HL Mountain Frame- Silver- 42,289,M ,2011-12-22,
961,CO-MF-R475W-20,HL Mountain Frame- Silver- Red- 56,39,M ,2008-09-03,2011-07-21
962,CO-MF-R475W-20,HL Mountain Frame- Silver- Red- 56,655,M ,2011-05-30,
963,CO-MF-H428B-62,HL Mountain Frame- Silver- White- 56,529,M ,2012-03-08,2013-07-15
964,CO-MF-H428B-62,HL Mountain Frame- Silver- White- 56,309,M ,2015-05-01,2017-09-11
965,CO-MF-H428B-62,HL Mountain Frame- Silver- White- 56,349,M ,2015-12-28,
966,CO-MF-D198Y-62,HL Mountain Frame- Silver- Silver- 54,52,M ,2012-05-13,
967,CO-MF-G209W-32,HL Mountain Frame- Silver- Silver- 58,693,M ,2009-05-27,
968,CO-MF-P638Y-64,HL Mountain Frame- Silver- Red- 56,92,M ,2003-07-21,
969,CO-MF-C579B-43,HL Mountain Frame- Silver- 44,79,M ,2012-12-26,
970,CO-MF-T372Y-22,HL Mountain Frame- Silver- White- 46,551,M ,2012-05-10,2013-05-24
971,CO-MF-T372Y-22,HL Mountain Frame- Silver- White- 46,256,M ,2013-08-17,
972,CO-MF-R494R-32,HL Mountain Frame- Silver- Green- 54,203,M ,2005-10-15,
973,CO-MF-D270R-55,HL Mountain Frame- Silver- 46,634,M ,2006-10-14,
974,CO-MF-O460S-55,HL Mountain Frame- Silver- Black- 62,460,M ,2006-08-22,2008-08-13
975,CO-MF-O460S-55,HL Mountain Frame- Silver- Black- 62,596,M ,2009-09-03,2011-05-27
976,CO-MF-O460S-55,HL Mountain Frame- Silver- Black- 62,583,M ,2011-09-11,
977,CO-MF-X360S-48,HL Mountain Frame- Silver- Yellow- 60,311,M ,2007-06-15,
978,CO-MF-T116Y-28,HL Mountain Frame- Silver- White- 50,239,M ,2006-05-21,2008-01-18
979,CO-MF-T116Y-28,HL Mountain Frame- Silver- White- 50,302,M ,2008-04-07,2009-02-23
980,CO-MF-T116Y-28,HL Mountain Frame- Silver- White- 50,604,M ,2011-06-26,
981,CO-MF-S258B-22,HL Mountain Frame- Silver- White- 54,616,M ,2004-10-01,
982,CO-MF-H338S-39,HL Mountain Frame- Silver- Blue- 60,99,M ,2007-06-26,
983,CO-MF-D709S-22,HL Mountain Frame- Black- 38,362,M ,2009-06-18,2010-07-03
984,CO-MF-D709S-22,HL Mountain Frame- Black- 38,464,M ,2011-06-09,
985,CO-MF-N988B-69,HL Mountain Frame- Black- Silver- 54,669,M ,2010-04-27,
986,CO-MF-Y747W-23,HL Mountain Frame- Black- Green- 54,173,M ,2003-06-18,
987,CO-MF-K614R-29,HL Mountain Frame- Black- White- 62,629,M ,2011-03-16,
988,CO-MF-S616B-34,HL Mountain Frame- Black- Green- 58,364,M ,2011-10-26,
989,CO-MF-R508S-25,HL Mountain Frame- Black- 42,158,M ,2007-11-15,
990,CO-MF-P672R-51,HL Mountain Frame- Black- Yellow- 54,556,M ,2009-05-29,
991,CO-MF-H348B-37,HL Mountain Frame- Black- Black- 62,443,M ,2006-08-17,2009-01-22
992,CO-MF-H348B-37,HL Mountain Frame- Black- Black- 62,215,M ,2008-10-23,
993,CO-MF-Z552Y-29,HL Mountain Frame- Black- 44,402,M ,2012-03-05,
994,CO-MF-E875B-27,HL Mountain Frame- Black- Yellow- 50,314,M ,2005-09-22,2006-12-17
995,CO-MF-E875B-27,HL Mountain Frame- Black- Yellow- 50,133,M ,2006-10-06,
996,CO-MF-J560W-21,HL Mountain Frame- Black- Black- 60,579,M ,2011-04-20,
997,CO-MF-Q868S-55,HL Mountain Frame- Black- Silver- 48,38,M ,2011-03-09,
998,CO-MF-M696Y-22,HL Mountain Frame- Black- Yellow- 50,652,M ,2003-09-04,
999,CO-MF-V972S-26,HL Mountain Frame- Black- 46,409,M ,2012-09-22,
1000,CO-MF-Q826B-40,HL Mountain Frame- Black- Blue- 38,223,M ,2009-09-11,
1001,CO-MF-Q568Y-65,HL Mountain Frame- Black- Black- 60,521,M ,2005-10-10,
1002,CO-MF-M862R-21,HL Mountain Frame- Black- Blue- 42,261,M ,2006-12-12,
1003,CO-MF-Q382B-60,HL Mountain Frame- Black- Red- 60,588,M ,2007-05-05,
1004,CO-MF-M633Y-60,ML Mountain Frame- Black- 38,339,M ,2007-09-06,2010-02-08
1005,CO-MF-M633Y-60,ML Mountain Frame- Black- 38,575,M ,2010-05-17,
1006,CO-MF-E311R-57,ML Mountain Frame- Black- Silver- 46,336,M ,2011-12-22,
1007,CO-MF-W822Y-28,ML Mountain Frame- Black- Blue- 50,598,M ,2011-08-21,
1008,CO-MF-F425B-55,ML Mountain Frame- Black- Silver- 60,169,M ,2011-01-25,
1009,CO-MF-X130S-46,ML Mountain Frame- Black- White- 42,672,M ,2006-05-27,2009-04-24
1010,CO-MF-X130S-46,ML Mountain Frame- Black- White- 42,212,M ,2009-06-21,2011-01-22
1011,CO-MF-X130S-46,ML Mountain Frame- Black- White- 42,46,M ,2008-12-30,
1012,CO-MF-A467B-64,ML Mountain Frame- Black- 40,685,M ,2004-07-03,2007-01-08
1013,CO-MF-A467B-64,ML Mountain Frame- Black- 40,416,M ,2006-07-20,
1014,CO-MF-P585R-30,ML Mountain Frame- Black- Yellow- 58,35,M ,2003-05-13,
1015,CO-MF-I522R-67,ML Mountain Frame- Black- Silver- 58,469,M ,2005-04-10,2006-09-01
1016,CO-MF-I522R-67,ML Mountain Frame- Black- Silver- 58,352,M ,2008-01-01,
1017,CO-MF-O352W-45,ML Mountain Frame- Black- Silver- 58,423,M ,2009-10-26,2011-09-15
1018,CO-MF-O352W-45,ML Mountain Frame- Black- Silver- 58,605,M ,2012-07-13,
1019,CO-MF-T649Y-61,ML Mountain Frame- Black- White- 46,487,M ,2011-10-29,2014-02-08
1020,CO-MF-T649Y-61,ML Mountain Frame- Black- White- 46,271,M ,2012-12-10,
1021,CO-MF-O507S-69,ML Mountain Frame-W Silver- 38,75,M ,2008-03-04,2010-03-06
1022,CO-MF-O507S-69,ML Mountain Frame-W Silver- 38,165,M ,2011-02-08,
1023,CO-MF-O949W-25,ML Mountain Frame-W Silver- Black- 62,579,M ,2004-04-08,2007-04-10
1024,CO-MF-O949W-25,ML Mountain Frame-W Silver- Black- 62,351,M ,2005-08-24,
1025,CO-MF-O125R-49,ML Mountain Frame-W Silver- Blue- 56,112,M ,2010-12-28,
1026,CO-MF-I431R-65,ML Mountain Frame-W Silver- Green- 56,391,M ,2004-01-09,2006-10-28
1027,CO-MF-I431R-65,ML Mountain Frame-W Silver- Green- 56,413,M ,2005-04-05,
1028,CO-MF-X910Y-59,ML Mountain Frame-W Silver- Black- 60,,M ,2007-04-01,2009-02-18
1029,CO-MF-X910Y-59,ML Mountain Frame-W Silver- Black- 60,695,M ,2008-09-21,2010-06-26
1030,CO-MF-X910Y-59,ML Mountain Frame-W Silver- Black- 60,168,M ,2010-01-31,
1031,CO-MF-F887B-46,ML Mountain Frame-W Silver- Red- 46,315,M ,2011-03-10,
1032,CO-MF-I112W-51,ML Mountain Frame-W Silver- 40,525,M ,2009-02-04,2009-12-06
1033,CO-MF-I112W-51,ML Mountain Frame-W Silver- 40,695,M ,2010-10-05,
1034,CO-MF-P564W-48,ML Mountain Frame-W Silver- Silver- 42,580,M ,2009-09-24,
1035,CO-MF-I734Y-33,ML Mountain Frame-W Silver- Black- 46,57,M ,2004-08-30,
1036,CO-MF-E974B-62,ML Mountain Frame-W Silver- Green- 58,109,M ,2009-10-07,
1037,CO-MF-V391Y-62,LL Mountain Frame- Silver- 42,486,M ,2009-09-02,2012-01-25
1038,CO-MF-V391Y-62,LL Mountain Frame- Silver- 42,56,M ,2012-10-08,
1039,CO-MF-C886S-40,LL Mountain Frame- Silver- Blue- 42,583,M ,2007-04-02,
1040,CO-MF-C399W-28,LL Mountain Frame- Silver- Silver- 44,443,M ,2012-08-21,
1041,CO-MF-X744Y-25,LL Mountain Frame- Black- 42,314,M ,2010-09-21,
1042,CO-MF-N723S-36,LL Mountain Frame- Black- Silver- 62,649,M ,2009-12-27,
1043,CO-MF-S608Y-66,LL Mountain Frame- Black- Black- 58,258,M ,2008-07-10,2009-11-06
1044,CO-MF-S608Y-66,LL Mountain Frame- Black- Black- 58,218,M ,2011-07-05,
1045,CO-MF-A221B-49,LL Mountain Frame- Black- Yellow- 42,444,M ,2004-04-28,2005-09-22
1046,CO-MF-A221B-49,LL Mountain Frame- Black- Yellow- 42,,M ,2006-06-25,
1047,CO-PD-U317B-60,LL Mountain Pedal,335,M ,2006-02-27,
1048,CO-PD-K885B-27,ML Mountain Pedal,49,M ,2006-10-30,2009-09-05
1049,CO-PD-K885B-27,ML Mountain Pedal,366,M ,2008-04-26,
1050,CO-PD-V590W-22,ML Mountain Pedal- Yellow,569,M ,2008-05-26,2010-12-24
1051,CO-PD-V590W-22,ML Mountain Pedal- Yellow,443,M ,2010-05-04,
1052,CO-PD-B955Y-39,HL Mountain Pedal,39,M ,2010-08-09,
1053,CO-PD-K918S-24,LL Road Pedal,661,M ,2006-02-22,2007-12-01
1054,CO-PD-K918S-24,LL Road Pedal,418,M ,2008-08-22,2009-12-04
1055,CO-PD-K918S-24,LL Road Pedal,335,M ,2009-03-10,
1056,CO-PD-W978S-65,LL Road Pedal- White,263,M ,2007-08-23,
1057,CO-PD-J321Y-39,ML Road Pedal,,M ,2007-03-13,
1058,CO-PD-C554Y-21,ML Road Pedal- Green,515,M ,2008-08-10,2009-12-17
1059,CO-PD-C554Y-21,ML Road Pedal- Green,337,M ,2011-08-30,
1060,CO-PD-E887B-53,HL Road Pedal,,M ,2004-06-27,2007-05-04
1061,CO-PD-E887B-53,HL Road Pedal,554,M ,2006-07-28,
1062,CO-PD-B803Y-25,Touring Pedal,694,M ,2012-12-21,
1063,CO-PD-X419B-56,Touring Pedal- Red,313,M ,2010-03-01,2011-11-19
1064,CO-PD-X419B-56,Touring Pedal- Red,471,M ,2011-12-09,
1065,CO-RF-D115Y-55,HL Road Frame- Black- 58,346,M ,2005-04-26,
1066,CO-RF-I244S-56,HL Road Frame- Black- Silver- 48,366,M ,2003-10-19,
1067,CO-RF-R554B-28,HL Road Frame- Black- Red- 44,75,M ,2010-07-29,
1068,CO-RF-T706W-59,HL Road Frame- Black- 62,566,M ,2006-09-23,
1069,CO-RF-C873W-56,HL Road Frame- Black- Blue- 52,499,M ,2012-02-12,
1070,CO-RF-D566S-63,HL Road Frame- Black- White- 44,249,M ,2011-08-06,2013-09-25
1071,CO-RF-D566S-63,HL Road Frame- Black- White- 44,651,M ,2012-12-30,
1072,CO-RF-P130B-50,HL Road Frame- Red- 44,309,M ,2008-05-14,
1073,CO-RF-Y456Y-56,HL Road Frame- Red- Blue- 50,129,M ,2004-02-26,
1074,CO-RF-K669B-70,HL Road Frame- Red- White- 44,264,M ,2008-03-03,
1075,CO-RF-T349Y-30,HL Road Frame- Red- Red- 60,625,M ,2007-04-22,2009-01-29
1076,CO-RF-T349Y-30,HL Road Frame- Red- Red- 60,370,M ,2009-07-06,2011-07-21
1077,CO-RF-T349Y-30,HL Road Frame- Red- Red- 60,197,M ,2012-05-09,
1078,CO-RF-V785B-67,HL Road Frame- Red- Blue- 50,494,M ,2009-06-09,2010-07-31
1079,CO-RF-V785B-67,HL Road Frame- Red- Blue- 50,475,M ,2011-05-08,2013-09-22
1080,CO-RF-V785B-67,HL Road Frame- Red- Blue- 50,435,M ,2012-06-03,
1081,CO-RF-T889W-40,HL Road Frame- Red- 48,162,M ,2010-05-28,
1082,CO-RF-S873B-68,HL Road Frame- Red- Black- 58,419,M ,2004-09-03,
1083,CO-RF-T691W-32,HL Road Frame- Red- Green- 60,331,M ,2012-11-02,
1084,CO-RF-J163S-55,HL Road Frame- Red- 52,387,M ,2003-01-04,2005-05-26
1085,CO-RF-J163S-55,HL Road Frame- Red- 52,260,M ,2004-04-25,2005-12-04
1086,CO-RF-J163S-55,HL Road Frame- Red- 52,423,M ,2007-06-06,
1087,CO-RF-U425W-45,HL Road Frame- Red- Red- 62,506,M ,2009-02-10,
1088,CO-RF-E292Y-44,HL Road Frame- Red- Yellow- 42,148,M ,2007-01-15,2008-04-16
1089,CO-RF-E292Y-44,HL Road Frame- Red- Yellow- 42,,M ,2008-05-31,
1090,CO-RF-A247W-62,HL Road Frame- Red- Yellow- 38,445,M ,2004-07-10,
1091,CO-RF-O907Y-47,HL Road Frame- Red- Blue- 56,480,M ,2008-02-05,2010-02-08
1092,CO-RF-O907Y-47,HL Road Frame- Red- Blue- 56,210,M ,2010-03-04,
1093,CO-RF-N719B-56,HL Road Frame- Red- Green- 44,295,M ,2011-03-13,
1094,CO-RF-S593B-29,HL Road Frame- Red- 56,549,M ,2008-11-26,2011-11-28
1095,CO-RF-S593B-29,HL Road Frame- Red- 56,644,M ,2010-02-14,
1096,CO-RF-C351W-60,HL Road Frame- Red- Yellow- 56,613,M ,2010-07-02,2013-03-28
1097,CO-RF-C351W-60,HL Road Frame- Red- Yellow- 56,371,M ,2012-05-16,
1098,CO-RF-R897B-50,HL Road Frame- Red- Black- 50,451,M ,2008-04-05,
1099,CO-RF-L917S-38,HL Road Frame- Red- Yellow- 38,597,M ,2010-10-17,
1100,CO-RF-I162W-57,HL Road Frame- Red- White- 54,659,M ,2003-07-31,
1101,CO-RF-A393W-25,HL Road Frame- Red- Black- 50,155,M ,2003-11-11,
1102,CO-RF-S856R-62,HL Road Frame- Red- 58,261,M ,2012-01-22,
1103,CO-RF-P285Y-22,HL Road Frame- Red- Green- 48,177,M ,2003-12-12,
1104,CO-RF-P870W-69,HL Road Frame- Red- Black- 48,191,M ,2010-05-30,
1105,CO-RF-G691S-23,HL Road Frame- Red- Black- 62,428,M ,2011-06-22,2012-06-09
1106,CO-RF-G691S-23,HL Road Frame- Red- Black- 62,565,M ,2013-10-21,
1107,CO-RF-H488W-50,HL Road Frame- Red- Silver- 58,,M ,2008-12-12,
1108,CO-RF-N725S-41,HL Road Frame- Red- 62,618,M ,2011-12-31,
1109,CO-RF-M572R-66,HL Road Frame- Red- Red- 60,204,M ,2011-08-22,2013-12-01
1110,CO-RF-M572R-66,HL Road Frame- Red- Red- 60,28,M ,2013-07-07,
1111,CO-RF-C112W-26,HL Road Frame- Red- White- 56,310,M ,2010-09-08,
1112,CO-RF-I297B-21,HL Road Frame- Red- Black- 38,242,M ,2003-08-21,2006-04-19
1113,CO-RF-I297B-21,HL Road Frame- Red- Black- 38,142,M ,2006-04-25,
1114,CO-RF-C976Y-28,HL Road Frame- Red- White- 56,209,M ,2011-07-26,
1115,CO-RF-D812R-36,HL Road Frame- Red- Green- 50,303,M ,2010-05-29,
1116,CO-RF-M440B-36,LL Road Frame- Black- 44,225,M ,2005-12-20,2008-01-10
1117,CO-RF-M440B-36,LL Road Frame- Black- 44,523,M ,2008-09-04,2010-08-07
1118,CO-RF-M440B-36,LL Road Frame- Black- 44,461,M ,2008-07-29,
1119,CO-RF-G728B-48,LL Road Frame- Black- White- 62,276,M ,2004-02-28,2005-03-08
1120,CO-RF-G728B-48,LL Road Frame- Black- White- 62,529,M ,2007-05-03,
1121,CO-RF-E768B-22,LL Road Frame- Black- Red- 50,420,M ,2005-12-27,2008-10-08
1122,CO-RF-E768B-22,LL Road Frame- Black- Red- 50,,M ,2008-08-06,
1123,CO-RF-P546W-66,LL Road Frame- Black- Green- 44,413,M ,2011-10-22,2014-02-21
1124,CO-RF-P546W-66,LL Road Frame- Black- Green- 44,513,M ,2014-09-26,
1125,CO-RF-D680Y-42,LL Road Frame- Black- Red- 42,682,M ,2006-05-25,
1126,CO-RF-C474Y-41,LL Road Frame- Black- Blue- 38,683,M ,2008-02-26,
1127,CO-RF-J812W-26,LL Road Frame- Black- 48,468,M ,2007-01-11,2008-02-01
1128,CO-RF-J812W-26,LL Road Frame- Black- 48,56,M ,2010-02-01,
1129,CO-RF-G125Y-35,LL Road Frame- Black- Yellow- 44,335,M ,2003-09-16,
1130,CO-RF-P646W-21,LL Road Frame- Black- Blue- 38,63,M ,2003-08-18,
1131,CO-RF-M221R-61,LL Road Frame- Black- Silver- 60,613,M ,2008-02-21,2010-06-19
1132,CO-RF-M221R-61,LL Road Frame- Black- Silver- 60,57,M ,2009-10-16,
1133,CO-RF-H818R-20,LL Road Frame- Black- 52,119,M ,2003-07-24,
1134,CO-RF-O725R-57,LL Road Frame- Black- White- 54,629,M ,2012-03-02,
1135,CO-RF-Z730R-24,LL Road Frame- Black- Blue- 38,352,M ,2007-10-12,2010-09-01
1136,CO-RF-Z730R-24,LL Road Frame- Black- Blue- 38,609,M ,2009-02-11,
1137,CO-RF-R240S-70,LL Road Frame- Black- Black- 58,84,M ,2003-07-06,
1138,CO-RF-W478Y-30,LL Road Frame- Black- 58,667,M ,2009-07-11,
1139,CO-RF-T485R-21,LL Road Frame- Black- Silver- 48,111,M ,2003-11-27,2004-09-29
1140,CO-RF-T485R-21,LL Road Frame- Black- Silver- 48,310,M ,2006-11-19,
1141,CO-RF-N810W-64,LL Road Frame- Black- Silver- 52,481,M ,2004-08-09,
1142,CO-RF-C742S-42,LL Road Frame- Red- 44,562,M ,2009-04-03,
1143,CO-RF-D733S-68,LL Road Frame- Red- Silver- 46,695,M ,2008-09-09,2010-10-24
1144,CO-RF-D733S-68,LL Road Frame- Red- Silver- 46,135,M ,2010-04-10,2011-11-14
1145,CO-RF-D733S-68,LL Road Frame- Red- Silver- 46,505,M ,2015-02-25,
1146,CO-RF-P280R-62,LL Road Frame- Red- White- 58,465,M ,2003-08-10,2005-06-12
1147,CO-RF-P280R-62,LL Road Frame- Red- White- 58,484,M ,2005-04-23,2007-01-25
1148,CO-RF-P280R-62,LL Road Frame- Red- White- 58,73,M ,2005-11-05,
1149,CO-RF-R280R-70,LL Road Frame- Red- Yellow- 38,260,M ,2008-10-10,
1150,CO-RF-X555Y-57,LL Road Frame- Red- White- 44,353,M ,2005-03-25,
1151,CO-RF-H897B-40,LL Road Frame- Red- Yellow- 54,224,M ,2005-08-29,
1152,CO-RF-O282W-43,LL Road Frame- Red- 48,296,M ,2011-01-27,
1153,CO-RF-G443R-22,LL Road Frame- Red- Black- 46,496,M ,2003-09-02,2004-11-14
1154,CO-RF-G443R-22,LL Road Frame- Red- Black- 46,371,M ,2005-12-14,
1155,CO-RF-H402Y-30,LL Road Frame- Red- Yellow- 54,586,M ,2010-02-26,2011-06-15
1156,CO-RF-H402Y-30,LL Road Frame- Red- Yellow- 54,554,M ,2011-10-19,
1157,CO-RF-P982R-57,LL Road Frame- Red- Black- 54,,M ,2008-03-10,
1158,CO-RF-X993R-35,LL Road Frame- Red- Silver- 52,625,M ,2009-07-01,
1159,CO-RF-E687B-46,LL Road Frame- Red- Yellow- 46,54,M ,2003-06-14,2006-04-30
1160,CO-RF-E687B-46,LL Road Frame- Red- Yellow- 46,120,M ,2005-08-22,2007-12-13
1161,CO-RF-E687B-46,LL Road Frame- Red- Yellow- 46,105,M ,2007-12-26,
1162,CO-RF-E467S-35,LL Road Frame- Red- 52,185,M ,2004-01-07,2006-03-08
1163,CO-RF-E467S-35,LL Road Frame- Red- 52,604,M ,2006-12-27,
1164,CO-RF-X697B-49,LL Road Frame- Red- White- 62,399,M ,2004-07-21,
1165,CO-RF-U575B-60,LL Road Frame- Red- Silver- 52,323,M ,2010-09-30,
1166,CO-RF-T443B-52,LL Road Frame- Red- 58,394,M ,2010-07-26,2011-07-13
1167,CO-RF-T443B-52,LL Road Frame- Red- 58,,M ,2012-11-13,2015-06-04
1168,CO-RF-T443B-52,LL Road Frame- Red- 58,592,M ,2014-08-14,
1169,CO-RF-W168Y-65,LL Road Frame- Red- White- 48,684,M ,2004-07-20,2006-01-15
1170,CO-RF-W168Y-65,LL Road Frame- Red- White- 48,614,M ,2006-11-21,
1171,CO-RF-W314R-40,LL Road Frame- Red- Yellow- 58,303,M ,2005-12-31,
1172,CO-RF-B164S-42,LL Road Frame- Red- Green- 58,501,M ,2008-08-15,
1173,CO-RF-W644Y-38,LL Road Frame- Red- Green- 46,87,M ,2007-02-16,
1174,CO-RF-G568B-25,LL Road Frame- Red- Black- 60,98,M ,2005-01-02,
1175,CO-SA-D813R-51,LL Mountain Seat/Saddle,43,M ,2005-04-16,
1176,CO-SA-J526Y-28,LL Mountain Seat/Saddle- Red,41,M ,2007-09-17,
1177,CO-SA-A992R-53,ML Mountain Seat/Saddle,354,M ,2007-08-14,2009-05-26
1178,CO-SA-A992R-53,ML Mountain Seat/Saddle,562,M ,2009-12-23,
1179,CO-SA-R555W-39,ML Mountain Seat/Saddle- Black,286,M ,2011-11-08,
1180,CO-SA-J888B-29,HL Mountain Seat/Saddle,184,M ,2008-02-11,
1181,CO-SA-W648S-31,HL Mountain Seat/Saddle- Red,177,M ,2012-05-30,2015-03-05
1182,CO-SA-W648S-31,HL Mountain Seat/Saddle- Red,344,M ,2013-11-11,2015-05-08
1183,CO-SA-W648S-31,HL Mountain Seat/Saddle- Red,286,M ,2017-08-18,
1184,CO-SA-R824B-62,LL Road Seat/Saddle,572,M ,2006-11-09,
1185,CO-SA-F646S-27,LL Road Seat/Saddle- Silver,489,M ,2007-07-16,2010-07-06
1186,CO-SA-F646S-27,LL Road Seat/Saddle- Silver,,M ,2009-06-07,2010-09-09
1187,CO-SA-F646S-27,LL Road Seat/Saddle- Silver,539,M ,2013-09-04,
1188,CO-SA-J585S-68,ML Road Seat/Saddle,472,M ,2009-06-07,2010-08-31
1189,CO-SA-J585S-68,ML Road Seat/Saddle,510,M ,2011-05-19,2014-02-17
1190,CO-SA-J585S-68,ML Road Seat/Saddle,584,M ,2011-08-28,
1191,CO-SA-D415B-45,ML Road Seat/Saddle- White,76,M ,2005-06-21,2007-04-17
1192,CO-SA-D415B-45,ML Road Seat/Saddle- White,617,M ,2008-03-04,
1193,CO-SA-Z885S-32,HL Road Seat/Saddle,109,M ,2009-01-14,
1194,CO-SA-M299W-40,Touring Seat/Saddle,171,M ,2008-09-26,2011-06-05
1195,CO-SA-M299W-40,Touring Seat/Saddle,398,M ,2011-09-29,
1196,CO-TF-G845W-67,HL Touring Frame- Yellow- 46,454,M ,2012-01-05,2013-08-22
1197,CO-TF-G845W-67,HL Touring Frame- Yellow- 46,621,M ,2015-01-20,2017-01-13
1198,CO-TF-G845W-67,HL Touring Frame- Yellow- 46,232,M ,2017-05-12,
1199,CO-TF-J586Y-41,HL Touring Frame- Yellow- Black- 50,26,M ,2009-08-16,
1200,CO-TF-N754S-46,HL Touring Frame- Yellow- Red- 48,160,M ,2008-03-07,
1201,CO-TF-G290W-38,HL Touring Frame- Yellow- Red- 50,331,M ,2003-06-22,
1202,CO-TF-P672W-34,HL Touring Frame- Yellow- Green- 54,675,M ,2003-01-11,
1203,CO-TF-U583B-61,HL Touring Frame- Yellow- Black- 56,680,M ,2006-03-24,2007-07-20
1204,CO-TF-U583B-61,HL Touring Frame- Yellow- Black- 56,,M ,2007-11-29,
1205,CO-TF-V587B-43,HL Touring Frame- Yellow- 50,186,M ,2009-06-14,
1206,CO-TF-S159R-40,HL Touring Frame- Yellow- Yellow- 42,74,M ,2010-10-10,
1207,CO-TF-I469W-60,HL Touring Frame- Yellow- Red- 62,674,M ,2006-12-29,2008-08-16
1208,CO-TF-I469W-60,HL Touring Frame- Yellow- Red- 62,663,M ,2008-03-16,2010-06-20
1209,CO-TF-I469W-60,HL Touring Frame- Yellow- Red- 62,633,M ,2010-01-06,
1210,CO-TF-Y271Y-40,HL Touring Frame- Yellow- Blue- 58,391,M ,2012-04-09,2013-12-08
1211,CO-TF-Y271Y-40,HL Touring Frame- Yellow- Blue- 58,380,M ,2013-07-16,
1212,CO-TF-E113R-53,HL Touring Frame- Yellow- Blue- 58,186,M ,2011-09-25,
1213,CO-TF-D323R-52,HL Touring Frame- Yellow- White- 48,648,M ,2005-02-10,
1214,CO-TF-E117W-42,HL Touring Frame- Yellow- 54,631,M ,2007-01-25,
1215,CO-TF-Q881S-31,HL Touring Frame- Yellow- Blue- 52,165,M ,2003-04-28,2004-06-22
1216,CO-TF-Q881S-31,HL Touring Frame- Yellow- Blue- 52,148,M ,2006-04-01,
1217,CO-TF-G233B-47,HL Touring Frame- Yellow- Black- 42,,M ,2011-10-17,2012-10-30
1218,CO-TF-G233B-47,HL Touring Frame- Yellow- Black- 42,63,M ,2014-02-23,
1219,CO-TF-P221S-22,HL Touring Frame- Yellow- 60,146,M ,2010-06-27,
1220,CO-TF-T310Y-32,HL Touring Frame- Yellow- Black- 42,304,M ,2006-12-10,
1221,CO-TF-S456S-30,HL Touring Frame- Yellow- Yellow- 60,603,M ,2011-10-04,2014-04-18
1222,CO-TF-S456S-30,HL Touring Frame- Yellow- Yellow- 60,612,M ,2012-12-11,
1223,CO-TF-Y114Y-33,HL Touring Frame- Yellow- Black- 58,121,M ,2006-02-28,2009-02-04
1224,CO-TF-Y114Y-33,HL Touring Frame- Yellow- Black- 58,506,M ,2007-10-05,
1225,CO-TF-L488W-33,HL Touring Frame- Blue- 46,341,M ,2007-07-28,
1226,CO-TF-D577B-53,HL Touring Frame- Blue- Yellow- 62,590,M ,2011-07-20,
1227,CO-TF-X141B-40,HL Touring Frame- Blue- Blue- 44,339,M ,2007-04-26,
1228,CO-TF-V961W-34,HL Touring Frame- Blue- Black- 60,91,M ,2006-04-05,
1229,CO-TF-Z587S-31,HL Touring Frame- Blue- Green- 44,425,M ,2010-07-24,
1230,CO-TF-D859R-24,HL Touring Frame- Blue- 50,433,M ,2005-03-26,
1231,CO-TF-D338W-66,HL Touring Frame- Blue- White- 56,627,M ,2011-07-30,
1232,CO-TF-I874W-42,HL Touring Frame- Blue- Black- 60,543,M ,2009-10-06,
1233,CO-TF-I250W-26,HL Touring Frame- Blue- Silver- 42,157,M ,2008-06-27,
1234,CO-TF-A201B-24,HL Touring Frame- Blue- Blue- 52,354,M ,2003-04-20,
1235,CO-TF-E410Y-59,HL Touring Frame- Blue- Yellow- 62,524,M ,2003-11-10,
1236,CO-TF-R659B-68,LL Touring Frame- Yellow- 44,342,M ,2007-10-29,
1237,CO-TF-M553W-22,LL Touring Frame- Yellow- Red- 46,330,M ,2009-03-30,
1238,CO-TF-W268W-47,LL Touring Frame- Yellow- Blue- 60,132,M ,2011-01-10,
1239,CO-TF-S791W-62,LL Touring Frame- Yellow- Yellow- 54,595,M ,2009-01-18,
1240,CO-TF-F618B-45,LL Touring Frame- Yellow- Yellow- 48,381,M ,2009-08-17,
1241,CO-TF-Y391S-23,LL Touring Frame- Yellow- Green- 50,377,M ,2003-07-04,
1242,CO-TF-N453S-46,LL Touring Frame- Yellow- 50,683,M ,2010-06-01,
1243,CO-TF-J706B-64,LL Touring Frame- Yellow- Red- 60,40,M ,2006-06-02,
1244,CO-TF-R433B-49,LL Touring Frame- Yellow- Black- 52,293,M ,2007-09-27,2010-01-01
1245,CO-TF-R433B-49,LL Touring Frame- Yellow- Black- 52,622,M ,2008-10-16,
1246,CO-TF-K686B-51,LL Touring Frame- Yellow- 54,534,M ,2010-07-28,
1247,CO-TF-Z883S-30,LL Touring Frame- Yellow- Blue- 50,97,M ,2007-01-28,2008-06-17
1248,CO-TF-Z883S-30,LL Touring Frame- Yellow- Blue- 50,291,M ,2009-07-29,
1249,CO-TF-B404Y-45,LL Touring Frame- Yellow- Blue- 58,612,M ,2010-01-02,2011-01-31
1250,CO-TF-B404Y-45,LL Touring Frame- Yellow- Blue- 58,299,M ,2011-04-09,
1251,CO-TF-N314S-70,LL Touring Frame- Yellow- 62,327,M ,2012-03-28,
1252,CO-TF-N779Y-40,LL Touring Frame- Yellow- Green- 58,484,M ,2007-07-06,
1253,CO-TF-V881Y-31,LL Touring Frame- Yellow- Blue- 56,610,M ,2010-01-15,2012-04-22
1254,CO-TF-V881Y-31,LL Touring Frame- Yellow- Blue- 56,498,M ,2012-06-09,
1255,CO-TF-B634R-43,LL Touring Frame- Blue- 44,327,M ,2005-09-11,
1256,CO-TF-N520S-24,LL Touring Frame- Blue- Yellow- 60,681,M ,2012-06-27,2014-01-21
1257,CO-TF-N520S-24,LL Touring Frame- Blue- Yellow- 60,635,M ,2013-12-08,
1258,CO-TF-H515R-27,LL Touring Frame- Blue- Green- 58,337,M ,2003-04-24,
1259,CO-TF-O597Y-47,LL Touring Frame- Blue- Yellow- 52,159,M ,2003-06-01,
1260,CO-TF-A364S-62,LL Touring Frame- Blue- White- 62,517,M ,2010-03-24,
1261,CO-TF-T405B-46,LL Touring Frame- Blue- 50,163,M ,2010-07-14,2011-08-10
1262,CO-TF-T405B-46,LL Touring Frame- Blue- 50,532,M ,2012-03-11,
1263,CO-TF-D634Y-69,LL Touring Frame- Blue- Green- 38,145,M ,2005-10-28,2006-11-24
1264,CO-TF-D634Y-69,LL Touring Frame- Blue- Green- 38,618,M ,2008-12-27,2010-09-08
1265,CO-TF-D634Y-69,LL Touring Frame- Blue- Green- 38,261,M ,2011-12-14,
1266,CO-TF-N323R-26,LL Touring Frame- Blue- Red- 42,623,M ,2006-01-29,
1267,CO-WH-L816B-40,LL Mountain Wheel,304,M ,2008-04-29,
1268,CO-WH-Z248S-50,LL Mountain Wheel- Yellow,640,M ,2012-03-18,2013-02-02
1269,CO-WH-Z248S-50,LL Mountain Wheel- Yellow,698,M ,2013-04-22,
1270,CO-WH-B807R-36,ML Mountain Wheel,391,M ,2006-06-20,
1271,CO-WH-V224Y-35,HL Mountain Wheel,281,M ,2007-05-11,2009-04-12
1272,CO-WH-V224Y-35,HL Mountain Wheel,261,M ,2009-03-14,
1273,CO-WH-F549S-69,LL Road Wheel,523,M ,2011-11-08,2013-06-10
1274,CO-WH-F549S-69,LL Road Wheel,360,M ,2014-03-04,
1275,CO-WH-W532B-30,LL Road Wheel- Green,580,M ,2008-09-04,2010-06-26
1276,CO-WH-W532B-30,LL Road Wheel- Green,48,M ,2011-09-29,
1277,CO-WH-U756R-60,ML Road Wheel,,M ,2010-03-10,
1278,CO-WH-K689B-27,HL Road Wheel,684,M ,2008-10-16,
1279,CO-WH-T802W-70,LL Touring Wheel,197,M ,2008-01-24,2010-12-11
1280,CO-WH-T802W-70,LL Touring Wheel,308,M ,2010-12-27,2013-06-21
1281,CO-WH-T802W-70,LL Touring Wheel,396,M ,2011-03-05,
1282,CO-WH-S329B-21,ML Touring Wheel,111,M ,2010-04-04,2012-10-31
1283,CO-WH-S329B-21,ML Touring Wheel,192,M ,2012-07-20,2013-12-05
1284,CO-WH-S329B-21,ML Touring Wheel,459,M ,2012-07-12,
1285,CO-WH-T366R-25,ML Touring Wheel- Blue,,M ,2004-11-27,2006-01-21
1286,CO-WH-T366R-25,ML Touring Wheel- Blue,484,M ,2007-05-19,2009-06-02
1287,CO-WH-T366R-25,ML Touring Wheel- Blue,249,M ,2010-09-05,
1288,CO-WH-G982S-38,HL Touring Wheel,634,M ,2007-04-14,2009-04-24
1289,CO-WH-G982S-38,HL Touring Wheel,309,M ,2008-11-19,
